gene,sfari_symbols,sfari_score,eagle,syndromic,n_reports
ABAT,ABAT,2.0,,0,9
ABCA13,ABCA13,2.0,,0,16
ABCA2,ABCA2,3.0,,0,8
ABCA7,ABCA7,2.0,,0,8
ABCE1,ABCE1,1.0,1.4,0,5
ABL2,ABL2,3.0,,0,11
ACAP2,ACAP2,2.0,,0,5
ACE,ACE,2.0,,0,7
ACHE,ACHE,2.0,,0,8
ACTB,ACTB,1.0,1.0,1,13
ACTL6B,ACTL6B,,,1,16
ACTN4,ACTN4,2.0,,0,7
ACY1,ACY1,,,1,13
ADA,ADA,2.0,,0,8
ADCY1,ADCY1,3.0,,0,5
ADCY3,ADCY3,2.0,,0,4
ADCY5,ADCY5,2.0,,0,14
ADGRB1,ADGRB1,3.0,,0,12
ADGRL1,ADGRL1,3.0,,1,6
ADK,ADK,2.0,,0,2
ADNP,ADNP,1.0,41.5,1,105
ADORA2A,ADORA2A,2.0,,0,7
ADORA3,ADORA3,2.0,,0,4
ADRB2,ADRB2,2.0,,0,10
ADSL,ADSL,1.0,0.35,1,9
ADSS2,ADSS2,2.0,,0,3
AFF2,AFF2,1.0,8.7,0,25
AGAP1,AGAP1,2.0,,0,10
AGAP2,AGAP2,2.0,3.25,0,7
AGBL4,AGBL4,2.0,,0,5
AGMO,AGMO,2.0,,0,10
AGO1,AGO1,2.0,,0,19
AGO2,AGO2,2.0,,1,6
AGO3,AGO3,2.0,,0,10
AGO4,AGO4,2.0,,0,6
AGTR2,AGTR2,2.0,,0,6
AHDC1,AHDC1,1.0,14.25,1,38
AHI1,AHI1,,,1,25
AHNAK,AHNAK,2.0,,0,9
AKAP9,AKAP9,2.0,,0,12
ALDH1A3,ALDH1A3,,,1,7
ALDH1L1,ALDH1L1,3.0,,0,7
ALDH5A1,ALDH5A1,1.0,2.35,1,22
ALG6,ALG6,,,1,4
AMPD1,AMPD1,2.0,,0,6
AMT,AMT,2.0,,0,3
ANK2,ANK2,1.0,10.8,0,45
ANK3,ANK3,1.0,7.3,0,40
ANKRD11,ANKRD11,1.0,22.6,1,92
ANKRD17,ANKRD17,2.0,,1,9
ANKS1B,ANKS1B,2.0,,1,9
ANP32A,ANP32A,1.0,3.1,0,5
ANXA1,ANXA1,2.0,,0,2
AP1S2,AP1S2,,,1,8
AP2M1,AP2M1,2.0,,0,10
AP2S1,AP2S1,1.0,0.2,0,6
APBA2,APBA2,2.0,,0,11
APBB1,APBB1,2.0,4.95,0,6
APH1A,APH1A,2.0,,0,3
AR,AR,2.0,,0,10
ARF3,ARF3,1.0,1.25,0,6
ARHGAP11B,ARHGAP11B,2.0,,0,4
ARHGAP30,ARHGAP30,3.0,,0,3
ARHGAP32,ARHGAP32,2.0,,0,12
ARHGAP5,ARHGAP5,2.0,,0,9
ARHGEF10,ARHGEF10,2.0,,0,10
ARHGEF2,ARHGEF2,3.0,,0,10
ARHGEF9,ARHGEF9,1.0,14.2,1,24
ARID1A,ARID1A,3.0,,1,11
ARID1B,ARID1B,1.0,34.75,1,106
ARID2,ARID2,2.0,,1,23
ARNT2,ARNT2,2.0,,0,16
ARX,ARX,1.0,13.8,1,28
ASAP2,ASAP2,2.0,,0,6
ASB11,ASB11,3.0,0.0,0,5
ASB14,ASB14,2.0,,0,5
ASB9,ASB9,3.0,0.1,0,1
ASH1L,ASH1L,1.0,14.15,0,55
ASMT,ASMT,2.0,,0,11
ASPM,ASPM,2.0,,0,17
ASTN1,ASTN1,1.0,,0,6
ASTN2,ASTN2,2.0,15.75,0,27
ASXL3,ASXL3,1.0,28.85,1,67
ATP10A,ATP10A,2.0,,0,11
ATP1A1,ATP1A1,2.0,,1,12
ATP1A3,ATP1A3,2.0,,1,29
ATP2B1,ATP2B1,3.0,,1,4
ATP2B2,ATP2B2,2.0,,0,19
ATP6V0A2,ATP6V0A2,2.0,,0,5
ATP9A,ATP9A,3.0,,1,7
ATRX,ATRX,1.0,9.25,0,44
ATXN2,ATXN2,3.0,,0,3
AUTS2,AUTS2,1.0,35.5,0,84
AVPR1A,AVPR1A,2.0,,0,27
AVPR1B,AVPR1B,2.0,,0,10
AZGP1,AZGP1,2.0,,0,4
BACE1,BACE1,3.0,,0,4
BAIAP2L1,BAIAP2L1,3.0,,0,6
BAZ2B,BAZ2B,1.0,7.35,0,11
BBS4,BBS4,2.0,,0,8
BCAS1,BCAS1,2.0,,0,6
BCKDK,BCKDK,1.0,3.1,0,11
BCL11A,BCL11A,1.0,9.15,1,34
BCL11B,BCL11B,3.0,,0,13
BCORL1,BCORL1,,,1,11
BICDL1,BICDL1,2.0,,0,2
BICRA,BICRA,2.0,,1,5
BIRC6,BIRC6,2.0,,0,18
BPTF,BPTF,3.0,,0,11
BRAF,BRAF,1.0,13.05,1,23
BRCA2,BRCA2,2.0,,0,11
BRD4,BRD4,2.0,,0,14
BRINP3,BRINP3,3.0,,0,4
BRSK2,BRSK2,1.0,7.7,1,18
BRWD3,BRWD3,,,1,11
BSN,BSN,3.0,,0,12
BST1,BST1,2.0,,0,6
BTAF1,BTAF1,2.0,,0,10
BTRC,BTRC,2.0,,0,4
C12orf57,C12ORF57,,,1,20
C15orf62,C15ORF62,2.0,,0,3
C4B,C4B,2.0,,0,7
CA6,CA6,2.0,,0,7
CACNA1A,CACNA1A,1.0,,1,55
CACNA1B,CACNA1B,2.0,,0,16
CACNA1C,CACNA1C,1.0,,1,69
CACNA1D,CACNA1D,2.0,12.7,0,38
CACNA1E,CACNA1E,1.0,7.5,0,27
CACNA1F,CACNA1F,2.0,,0,12
CACNA1G,CACNA1G,2.0,,0,36
CACNA1H,CACNA1H,2.0,,0,40
CACNA1I,CACNA1I,2.0,,0,15
CACNA2D1,CACNA2D1,2.0,,0,10
CACNA2D3,CACNA2D3,1.0,3.75,0,18
CACNB1,CACNB1,3.0,,0,3
CACNB2,CACNB2,2.0,,0,13
CACNG2,CACNG2,2.0,,0,6
CADM1,CADM1,2.0,,0,10
CADM2,CADM2,2.0,,0,7
CADPS,CADPS,2.0,,0,6
CADPS2,CADPS2,2.0,,0,14
CAMK2A,CAMK2A,1.0,,1,17
CAMK2B,CAMK2B,,,1,15
CAMK2D,CAMK2D,3.0,,1,5
CAMK4,CAMK4,2.0,,0,6
CAMTA2,CAMTA2,1.0,2.1,0,4
CAPN12,CAPN12,2.0,,0,10
CAPRIN1,CAPRIN1,1.0,5.5,0,9
CAPZA2,CAPZA2,3.0,,0,3
CARD11,CARD11,2.0,,0,2
CASK,CASK,1.0,,0,32
CASKIN1,CASKIN1,2.0,,0,9
CASZ1,CASZ1,1.0,9.55,0,11
CAT,CAT,3.0,,0,4
CBX1,CBX1,3.0,,1,4
CBX4,CBX4,3.0,,0,3
CC2D1A,CC2D1A,2.0,,0,23
CCDC88C,CCDC88C,2.0,,0,12
CCDC91,CCDC91,2.0,,0,6
CCIN,CCIN,2.0,,0,2
CCNG1,CCNG1,2.0,,0,2
CCNK,CCNK,,,1,7
CCSER1,CCSER1,2.0,,0,4
CCT4,CCT4,2.0,,0,4
CD276,CD276,2.0,,0,4
CD38,CD38,2.0,,0,10
CD99L2,CD99L2,2.0,,0,1
CDC42BPA,CDC42BPA,3.0,,0,7
CDC42BPB,CDC42BPB,2.0,,0,15
CDH10,CDH10,2.0,,0,11
CDH11,CDH11,2.0,,0,9
CDH13,CDH13,2.0,,0,7
CDH2,CDH2,3.0,,1,8
CDH22,CDH22,2.0,,0,8
CDH8,CDH8,2.0,,0,13
CDH9,CDH9,2.0,,0,7
CDK13,CDK13,,,1,27
CDK16,CDK16,2.0,,0,3
CDK19,CDK19,3.0,,1,7
CDK5RAP2,CDK5RAP2,3.0,,0,15
CDK8,CDK8,,,1,6
CDKL5,CDKL5,1.0,,1,67
CDON,CDON,3.0,,0,5
CECR2,CECR2,2.0,,0,5
CELF2,CELF2,2.0,,1,7
CELF4,CELF4,1.0,8.5,0,16
CELF6,CELF6,2.0,,0,5
CEP135,CEP135,2.0,,0,10
CEP290,CEP290,2.0,,1,17
CEP41,CEP41,2.0,,0,10
CERT1,CERT1,3.0,,1,10
CGNL1,CGNL1,2.0,,0,9
CHAMP1,CHAMP1,1.0,,1,20
CHD1,CHD1,2.0,,1,17
CHD2,CHD2,1.0,25.0,1,98
CHD3,CHD3,1.0,,1,30
CHD4,CHD4,3.0,,1,8
CHD7,CHD7,1.0,8.1,1,56
CHD8,CHD8,1.0,97.65,1,144
CHD9,CHD9,3.0,,0,8
CHKB,CHKB,,,1,11
CHM,CHM,3.0,,0,8
CHMP1A,CHMP1A,2.0,,0,6
CHRM3,CHRM3,2.0,,0,8
CHRNA7,CHRNA7,2.0,,0,18
CHRNB3,CHRNB3,2.0,,0,4
CIB2,CIB2,2.0,,0,3
CIC,CIC,1.0,18.7,0,20
CLASP1,CLASP1,2.0,,0,6
CLCN4,CLCN4,2.0,,1,19
CLIP2,CLIP2,3.0,,0,3
CLN8,CLN8,2.0,,0,9
CLTC,CLTC,3.0,,0,8
CLTCL1,CLTCL1,2.0,,0,10
CMIP,CMIP,2.0,,0,8
CMPK2,CMPK2,2.0,,0,4
CNGB3,CNGB3,2.0,,0,8
CNKSR2,CNKSR2,2.0,,1,18
CNOT1,CNOT1,2.0,,1,15
CNOT3,CNOT3,1.0,5.6,1,28
CNR1,CNR1,2.0,,0,10
CNTN3,CNTN3,2.0,,0,8
CNTN4,CNTN4,2.0,,0,31
CNTN5,CNTN5,2.0,,0,11
CNTN6,CNTN6,2.0,13.8,0,19
CNTNAP2,CNTNAP2,2.0,,1,111
CNTNAP3,CNTNAP3,2.0,,0,9
CNTNAP4,CNTNAP4,2.0,,0,16
CNTNAP5,CNTNAP5,2.0,,0,17
COL12A1,COL12A1,3.0,,0,10
COL28A1,COL28A1,2.0,,0,6
CORO1A,CORO1A,1.0,0.7,0,4
CPEB4,CPEB4,2.0,,0,5
CPSF7,CPSF7,1.0,,0,9
CPT2,CPT2,2.0,,0,5
CPZ,CPZ,2.0,,0,5
CREBBP,CREBBP,1.0,31.35,1,50
CRMP1,CRMP1,3.0,,0,9
CSDE1,CSDE1,1.0,15.55,1,10
CSMD1,CSMD1,2.0,,0,27
CSMD2,CSMD2,3.0,,0,9
CSMD3,CSMD3,3.0,,0,12
CSNK1E,CSNK1E,2.0,,0,9
CSNK1G1,CSNK1G1,3.0,,1,3
CSNK2A1,CSNK2A1,1.0,6.2,1,24
CSNK2B,CSNK2B,,,1,15
CTCF,CTCF,1.0,10.45,1,29
CTNNA2,CTNNA2,,,1,7
CTNNA3,CTNNA3,2.0,,0,22
CTNNB1,CTNNB1,1.0,32.75,0,50
CTNND1,CTNND1,2.0,,0,4
CTNND2,CTNND2,2.0,,0,20
CTPS1,CTPS1,3.0,,0,3
CTR9,CTR9,3.0,,1,10
CTTNBP2,CTTNBP2,2.0,26.8,0,16
CUL2,CUL2,3.0,,0,5
CUL3,CUL3,1.0,18.4,0,45
CUL4B,CUL4B,3.0,,1,5
CUL7,CUL7,2.0,,0,10
CUX1,CUX1,2.0,,0,16
CUX2,CUX2,2.0,,1,18
CX3CR1,CX3CR1,2.0,,0,4
CXXC5,CXXC5,3.0,,0,5
CYFIP1,CYFIP1,2.0,,0,26
CYFIP2,CYFIP2,3.0,,0,12
CYLC2,CYLC2,2.0,,0,4
CYP11B1,CYP11B1,2.0,,0,5
CYP27A1,CYP27A1,,,1,8
CYP27B1,VDR,2.0,,0,11
DAGLA,DAGLA,2.0,,0,8
DAPP1,DAPP1,2.0,,0,3
DCC,DCC,2.0,,0,6
DDC,DDC,2.0,,0,8
DDHD2,DDHD2,2.0,,0,8
DDX23,DDX23,,,1,4
DDX3X,DDX3X,1.0,78.6,1,69
DDX53,DDX53,2.0,10.2,0,7
DEAF1,DEAF1,1.0,30.9,1,46
DENND2B,DENND2B,3.0,,1,6
DENR,DENR,2.0,,0,5
DEPDC5,DEPDC5,,,1,30
DGKI,DGKI,3.0,,0,5
DHCR7,DHCR7,1.0,,1,22
DHX30,DHX30,,,1,14
DHX9,DHX9,3.0,,1,5
DIP2A,DIP2A,1.0,18.2,0,15
DIP2C,DIP2C,2.0,,0,10
DIPK2A,DIPK2A,2.0,,0,3
DISC1,DISC1,2.0,4.6,0,40
DIXDC1,DIXDC1,2.0,,0,6
DLG1,DLG1,2.0,,0,6
DLG2,DLG2,2.0,,0,17
DLG3,DLG3,2.0,,0,16
DLG4,DLG4,1.0,2.45,0,27
DLGAP1,DLGAP1,2.0,,0,14
DLGAP2,DLGAP2,2.0,2.8,0,23
DLGAP3,DLGAP3,2.0,,0,15
DLL1,DLL1,2.0,,1,6
DLX2,DLX2,2.0,,0,11
DLX3,DLX3,2.0,,0,4
DLX6,DLX6,2.0,,0,10
DMD,DMD,,40.95,1,57
DMPK,DMPK,1.0,3.75,1,15
DMWD,DMWD,2.0,,0,4
DMXL2,DMXL2,2.0,,0,11
DNAH10,DNAH10,2.0,,0,13
DNAH17,DNAH17,2.0,,0,12
DNAH3,DNAH3,2.0,,0,10
DNAJC5,DNAJC5,3.0,,0,5
DNER,DNER,2.0,,0,3
DNM1,DNM1,3.0,,0,13
DNMT3A,DNMT3A,1.0,15.9,1,41
DOCK1,DOCK1,2.0,,0,5
DOCK4,DOCK4,2.0,,0,13
DOCK8,DOCK8,2.0,,0,14
DOLK,DOLK,,,1,6
DOP1A,DOP1A,3.0,,0,8
DOT1L,DOT1L,2.0,,1,6
DPP10,DPP10,2.0,,0,14
DPP3,DPP3,2.0,,0,4
DPP4,DPP4,2.0,,0,6
DPP6,DPP6,2.0,,0,29
DPYD,DPYD,2.0,,0,19
DPYSL2,DPYSL2,1.0,1.0,0,18
DPYSL3,DPYSL3,2.0,,0,3
DPYSL5,DPYSL5,3.0,,0,3
DRD1,DRD1,2.0,,0,5
DRD2,DRD2,2.0,,0,8
DRD3,DRD3,2.0,,0,9
DSCAM,DSCAM,1.0,13.5,0,24
DST,DST,2.0,,0,13
DUSP15,DUSP15,2.0,,0,7
DVL3,DVL3,2.0,,0,7
DYDC1,DYDC1,2.0,,0,2
DYDC2,DYDC2,2.0,,0,1
DYNC1H1,DYNC1H1,1.0,13.45,0,43
DYRK1A,DYRK1A,1.0,20.2,1,99
EBF3,EBF3,1.0,9.75,1,29
ECPAS,ECPAS,2.0,,0,5
EEF1A2,EEF1A2,,,1,25
EGR3,EGR3,2.0,,0,3
EHMT1,EHMT1,1.0,13.5,1,50
EIF3F,EIF3F,3.0,,0,8
EIF3G,EIF3G,1.0,1.5,0,5
EIF4E,EIF4E,2.0,3.6,0,15
EIF4G1,EIF4G1,3.0,,0,5
EIF5A,EIF5A,3.0,,0,5
ELAVL2,ELAVL2,2.0,,0,8
ELAVL3,ELAVL3,1.0,1.0,0,7
ELOVL2,ELOVL2,2.0,,0,3
ELP2,ELP2,2.0,,1,8
ELP4,ELP4,2.0,,0,7
EMSY,EMSY,2.0,,0,6
EN2,EN2,2.0,,0,27
ENOX2,ENOX2,3.0,,0,2
ENPP1,ENPP1,3.0,,0,5
EP300,EP300,1.0,23.6,1,36
EP400,EP400,2.0,,0,15
EPC2,EPC2,2.0,,0,6
EPHA1,EPHA1,2.0,,0,9
EPHB1,EPHB1,3.0,,0,11
EPHB2,EPHB2,2.0,,0,11
EPPK1,EPPK1,2.0,,0,11
ERBIN,ERBIN,2.0,,0,9
ERG,ERG,2.0,,0,1
ERMN,ERMN,2.0,,0,2
ESR2,ESR2,2.0,,0,10
ESRRB,ESRRB,2.0,,0,9
ETFB,ETFB,2.0,,0,7
EXOC3,EXOC3,2.0,,0,3
EXOC5,EXOC5,2.0,,0,2
EXOC6,EXOC6,2.0,,0,3
EXOC6B,EXOC6B,2.0,,0,5
EXT1,EXT1,2.0,,0,8
FABP4,FABP4,3.0,,0,3
FABP5,FABP5,2.0,,0,8
FAM47A,FAM47A,2.0,0.45,0,2
FAM53C,FAM53C,3.0,,0,5
FAM98C,FAM98C,2.0,,0,4
FAN1,FAN1,2.0,,0,7
FAT1,FAT1,2.0,,0,15
FBN1,FBN1,2.0,,0,20
FBRSL1,FBRSL1,,,1,6
FBXL13,FBXL13,3.0,,0,4
FBXO11,FBXO11,2.0,,1,21
FBXO33,FBXO33,2.0,,0,6
FBXO40,FBXO40,2.0,,0,7
FEZF2,FEZF2,2.0,,0,12
FGA,FGA,2.0,,0,6
FGF13,FGF13,3.0,,1,4
FGF14,FGF14,3.0,,0,2
FGFR1,FGFR1,2.0,,0,5
FHIT,FHIT,2.0,,0,12
FLNA,FLNA,3.0,,0,14
FMR1,FMR1,1.0,,1,78
FOXG1,FOXG1,1.0,5.7,1,69
FOXP1,FOXP1,1.0,60.45,1,95
FOXP2,FOXP2,1.0,,0,63
FRG1,FRG1,2.0,,0,3
FRK,FRK,2.0,,0,3
FRMD5,FRMD5,3.0,,1,7
FRMPD4,FRMPD4,,,1,14
FRRS1L,FRRS1L,3.0,,0,2
FRYL,FRYL,3.0,,1,11
FXN,FXN,3.0,,0,2
G3BP2,G3BP2,2.0,,0,7
GABBR2,GABBR2,2.0,,1,19
GABRA2,GABRA2,3.0,,0,8
GABRA3,GABRA3,,,1,3
GABRA4,GABRA4,2.0,,0,11
GABRB2,GABRB2,1.0,0.3,0,7
GABRB3,GABRB3,1.0,,0,54
GABRG2,GABRG2,3.0,,0,12
GABRG3,GABRG3,2.0,,0,13
GALNT10,GALNT10,2.0,,0,7
GALNT13,GALNT13,2.0,,0,6
GALNT14,GALNT14,2.0,,0,7
GALNT2,GALNT2,,,1,8
GALNT8,GALNT8,2.0,,0,4
GAS2,GAS2,2.0,,0,1
GATM,GATM,,,1,3
GBE1,GBE1,2.0,,0,5
GDA,GDA,2.0,,0,4
GFAP,GFAP,1.0,0.3,0,3
GGNBP2,GGNBP2,2.0,,0,3
GIGYF1,GIGYF1,1.0,17.25,0,23
GIGYF2,GIGYF2,1.0,,0,12
GLI3,GLI3,3.0,,0,7
GLIS1,GLIS1,2.0,,0,3
GLO1,GLO1,2.0,,0,10
GLRA2,GLRA2,2.0,,0,18
GLS,GLS,3.0,,0,6
GNAI1,GNAI1,1.0,2.1,1,8
GNAS,GNAS,2.0,,0,11
GNB1L,GNB1L,2.0,,0,3
GNB2,GNB2,,,1,8
GPC4,GPC4,2.0,,0,3
GPC5,GPC5,3.0,,0,9
GPC6,GPC6,2.0,,0,8
GPD2,GPD2,2.0,,0,6
GPHN,GPHN,2.0,,0,11
GPR37,GPR37,2.0,,0,3
GPR85,GPR85,2.0,,0,7
GRB10,GRB10,3.0,,0,13
GRIA1,GRIA1,2.0,,0,16
GRIA2,GRIA2,1.0,12.0,0,18
GRIA3,GRIA3,,,1,19
GRID1,GRID1,2.0,,0,7
GRID2,GRID2,2.0,,0,12
GRID2IP,GRID2IP,2.0,,0,5
GRIK2,GRIK2,2.0,,0,25
GRIK3,GRIK3,2.0,,0,8
GRIK4,GRIK4,2.0,,0,8
GRIK5,GRIK5,2.0,,0,12
GRIN1,GRIN1,1.0,,0,37
GRIN2A,GRIN2A,1.0,3.6,0,78
GRIN2B,GRIN2B,1.0,29.65,0,99
GRIP1,GRIP1,2.0,,0,17
GRK4,GRK4,2.0,,0,6
GRM5,GRM5,2.0,,0,13
GRM7,GRM7,2.0,,0,20
GSE1,GSE1,2.0,,0,8
GSPT2,GSPT2,3.0,,0,5
GSTM1,GSTM1,2.0,,0,3
GTF2I,GTF2I,2.0,,0,13
GUCY1A2,GUCY1A2,2.0,,0,5
H1-4,H1-4,,,1,11
H2BC11,H2BC11,2.0,,0,3
H3-3B,H3-3B,3.0,,1,8
H4C11,H4C11,,,1,4
H4C3,H4C3,,,1,3
H4C5,H4C5,,,1,6
HACE1,HACE1,3.0,,0,13
HCFC1,HCFC1,,,1,14
HCN1,HCN1,3.0,,0,15
HDAC4,HDAC4,2.0,,1,19
HDAC8,HDAC8,,3.7,1,13
HDLBP,HDLBP,1.0,1.25,0,7
HECTD1,HECTD1,3.0,,0,7
HECTD4,HECTD4,1.0,,0,14
HECW2,HECW2,2.0,,0,25
HEPACAM,HEPACAM,,,1,14
HERC1,HERC1,2.0,,1,15
HERC2,HERC2,,,1,17
HIVEP2,HIVEP2,1.0,,1,20
HIVEP3,HIVEP3,2.0,,0,14
HLA-A,HLA-A,2.0,,0,12
HLA-B,HLA-B,2.0,,0,6
HLA-DPB1,HLA-DPB1,2.0,,0,2
HLA-DRB1,HLA-DRB1,2.0,,0,12
HLA-G,HLA-G,2.0,,0,5
HMGN1,HMGN1,2.0,,0,1
HNRNPD,HNRNPD,2.0,,1,5
HNRNPF,HNRNPF,2.0,,0,5
HNRNPH2,HNRNPH2,1.0,,0,22
HNRNPK,HNRNPK,2.0,,1,15
HNRNPL,HNRNPL,3.0,,0,2
HNRNPR,HNRNPR,2.0,4.6,1,10
HNRNPU,HNRNPU,1.0,38.8,1,44
HNRNPUL2,HNRNPUL2,2.0,,1,4
HOMER1,HOMER1,2.0,,0,6
HOXA1,HOXA1,,,1,17
HRAS,HRAS,1.0,,0,14
HS3ST5,HS3ST5,2.0,,0,9
HSD11B1,HSD11B1,2.0,,0,9
HTR1B,HTR1B,2.0,,0,6
HTR2C,HTR2C,3.0,0.1,0,2
HTR3A,HTR3A,2.0,,0,10
HTR3C,HTR3C,3.0,,0,8
HUWE1,HUWE1,,,1,30
HYDIN,HYDIN,2.0,,0,7
ICA1,ICA1,2.0,,0,10
IGF1,IGF1,3.0,,0,8
IKZF1,IKZF1,3.0,,0,7
IL1R2,IL1R2,2.0,,0,9
IL1RAPL1,IL1RAPL1,2.0,,0,32
IL1RAPL2,IL1RAPL2,2.0,,0,3
ILF2,ILF2,2.0,,0,6
IMMP2L,IMMP2L,2.0,,0,17
INPP1,INPP1,2.0,,0,6
INTS1,INTS1,,,1,15
INTS6,INTS6,2.0,,0,7
IQGAP3,IQGAP3,2.0,,0,8
IQSEC2,IQSEC2,1.0,,1,62
IRF2BPL,IRF2BPL,1.0,9.0,1,22
IRX5,IRX5,3.0,,1,3
ITGA8,ITGA8,3.0,,0,8
ITGB3,ITGB3,2.0,,0,23
ITPR1,ITPR1,2.0,,0,24
ITSN1,ITSN1,2.0,,0,12
JARID2,JARID2,2.0,,0,20
JMJD1C,JMJD1C,2.0,,0,12
KANK1,KANK1,2.0,,0,16
KANSL1,KANSL1,1.0,1.1,1,14
KAT2B,KAT2B,2.0,,0,8
KAT6A,KAT6A,2.0,,1,39
KAT6B,KAT6B,3.0,,0,15
KATNAL1,KATNAL1,2.0,,0,4
KATNAL2,KATNAL2,1.0,4.1,0,20
KCNA2,KCNA2,3.0,,0,12
KCNA3,KCNA3,3.0,,0,2
KCNB1,KCNB1,1.0,,1,35
KCNC1,KCNC1,2.0,,0,13
KCNC2,KCNC2,3.0,,0,16
KCND2,KCND2,2.0,,0,11
KCND3,KCND3,2.0,,0,15
KCNH1,KCNH1,3.0,,1,6
KCNH5,KCNH5,3.0,,0,6
KCNH7,KCNH7,3.0,,0,11
KCNJ10,KCNJ10,2.0,,0,16
KCNJ15,KCNJ15,2.0,,0,3
KCNMA1,KCNMA1,2.0,,0,36
KCNN2,KCNN2,3.0,,0,5
KCNQ2,KCNQ2,1.0,,0,72
KCNQ3,KCNQ3,1.0,11.1,0,24
KCNS3,KCNS3,2.0,,0,7
KCTD13,KCTD13,2.0,,0,9
KDM1A,KDM1A,3.0,,0,6
KDM1B,KDM1B,2.0,,0,3
KDM2A,KDM2A,3.0,,0,12
KDM2B,KDM2B,1.0,,0,16
KDM3A,KDM3A,3.0,,0,4
KDM3B,KDM3B,1.0,1.5,1,8
KDM4B,KDM4B,2.0,,0,7
KDM4C,KDM4C,2.0,,0,4
KDM5A,KDM5A,2.0,,0,6
KDM5B,KDM5B,1.0,3.05,0,32
KDM5C,KDM5C,1.0,,0,55
KDM6A,KDM6A,2.0,,0,17
KDM6B,KDM6B,1.0,13.75,0,34
KHDRBS2,KHDRBS2,2.0,,0,4
KIAA0232,KIAA0232,1.0,,0,5
KIF13B,KIF13B,2.0,,0,7
KIF14,KIF14,2.0,,0,8
KIF1A,KIF1A,2.0,2.95,1,22
KIF5C,KIF5C,2.0,,1,20
KIRREL3,KIRREL3,2.0,,0,20
KIZ,KIZ,3.0,,0,2
KLF16,KLF16,2.0,,0,1
KLF7,KLF7,3.0,,0,15
KLHL20,KLHL20,1.0,,0,5
KMT2A,KMT2A,1.0,18.55,1,58
KMT2B,KMT2B,3.0,,0,15
KMT2C,KMT2C,1.0,14.1,1,55
KMT2D,KMT2D,3.0,,0,16
KMT2E,KMT2E,1.0,38.65,1,28
KMT5B,KMT5B,1.0,14.05,0,35
KNG1,KNG1,3.0,,0,2
KPTN,KPTN,,,1,10
KRR1,KRR1,2.0,,0,4
KSR2,KSR2,3.0,,0,5
LAMA1,LAMA1,2.0,,0,18
LAMB1,LAMB1,2.0,,0,12
LARP1,LARP1,3.0,,0,4
LAS1L,LAS1L,3.0,,0,7
LDB1,LDB1,1.0,4.0,0,5
LDLR,LDLR,3.0,,0,4
LEMD3,LEMD3,2.0,,0,5
LEO1,LEO1,2.0,,0,6
LEP,LEP,2.0,,0,1
LHX2,LHX2,2.0,,0,5
LILRB2,LILRB2,2.0,,0,5
LIN7B,LIN7B,2.0,,0,4
LMX1B,LMX1B,2.0,,0,4
LNPK,LNPK,,,1,6
LRBA,LRBA,2.0,,0,13
LRFN2,LRFN2,2.0,,0,8
LRFN5,LRFN5,2.0,,0,8
LRP1,LRP1,2.0,,0,14
LRP2,LRP2,2.0,,0,23
LRRC1,LRRC1,2.0,,0,8
LRRC4,LRRC4,2.0,,0,6
LRRC4C,LRRC4C,1.0,1.25,0,4
LZTR1,LZTR1,1.0,,0,23
LZTS2,LZTS2,2.0,,0,5
MACF1,MACF1,3.0,,1,14
MACROD2,MACROD2,2.0,,0,25
MADD,MADD,3.0,,0,12
MAGEC3,MAGEC3,1.0,,0,6
MAGEL2,MAGEL2,1.0,,1,33
MAN1B1,MAN1B1,3.0,,0,8
MAOA,MAOA,2.0,,0,23
MAOB,MAOB,2.0,,0,7
MAP1A,MAP1A,1.0,0.0,0,4
MAP1B,MAP1B,2.0,,0,18
MAP4K1,MAP4K1,3.0,,0,6
MAP4K4,MAP4K4,2.0,,0,3
MAPK3,MAPK3,2.0,,0,7
MAPK8IP1,MAPK8IP1,3.0,,0,5
MAPK8IP3,MAPK8IP3,2.0,,1,13
MAPT,MAPT,3.0,,0,5
MARK1,MARK1,2.0,,0,12
MARK2,MARK2,2.0,20.05,0,12
MAST1,MAST1,3.0,,0,7
MAST3,MAST3,3.0,,0,11
MBD1,MBD1,2.0,,0,9
MBD3,MBD3,2.0,,0,4
MBD4,MBD4,2.0,,0,7
MBD5,MBD5,1.0,46.6,1,52
MBD6,MBD6,2.0,,0,4
MBOAT7,MBOAT7,1.0,5.25,1,25
MCM4,MCM4,2.0,,0,5
MCM6,MCM6,2.0,,0,5
MCPH1,MCPH1,2.0,,0,22
MDGA1,MDGA1,3.0,,0,8
MDGA2,MDGA2,2.0,,0,10
MECP2,MECP2,1.0,106.65,1,164
MED12L,MED12L,2.0,,1,8
MED13,MED13,1.0,9.3,1,26
MED13L,MED13L,1.0,35.0,1,63
MED23,MED23,2.0,,0,5
MEF2C,MEF2C,1.0,9.85,1,64
MEGF10,MEGF10,2.0,,0,8
MEGF11,MEGF11,2.0,,0,9
MEIS2,MEIS2,1.0,7.5,1,16
MET,MET,2.0,,0,44
METTL14,METTL14,3.0,,0,8
METTL26,METTL26,2.0,,0,2
MFRP,MFRP,2.0,,0,10
MIB1,MIB1,2.0,3.6,0,11
MINK1,MINK1,3.0,,0,9
MKRN1,MKRN1,3.0,,0,4
MLANA,MLANA,2.0,,0,4
MNT,MNT,2.0,,0,2
MRTFB,MRTFB,2.0,,0,12
MSANTD2,MSANTD2,2.0,,0,2
MSL2,MSL2,3.0,,0,8
MSL3,MSL3,1.0,13.9,1,9
MSR1,MSR1,2.0,,0,5
MSRA,MSRA,3.0,,0,14
MSX2,MSX2,3.0,,1,3
MTF1,MTF1,2.0,,0,6
MTHFR,MTHFR,2.0,,0,28
MTOR,MTOR,1.0,,1,38
MTSS2,MTSS2,,,1,8
MUC12,MUC12,2.0,,0,9
MUC4,MUC4,2.0,,0,12
MYCBP2,MYCBP2,1.0,,0,14
MYH10,MYH10,2.0,,0,10
MYH4,MYH4,2.0,,0,8
MYH9,MYH9,2.0,,0,9
MYLK,MYLK,3.0,,0,6
MYO16,MYO16,2.0,,0,11
MYO1E,MYO1E,2.0,,0,8
MYO5A,MYO5A,2.0,,0,9
MYO5C,MYO5C,2.0,,0,7
MYO7A,MYO7A,3.0,,0,6
MYO9B,MYO9B,2.0,,0,11
MYOCD,MYOCD,3.0,,0,4
MYT1L,MYT1L,1.0,20.35,0,50
NAA10,NAA10,3.0,,1,14
NAA15,NAA15,1.0,31.7,1,34
NAALADL2,NAALADL2,2.0,,0,5
NACC1,NACC1,1.0,2.85,1,13
NASP,NASP,3.0,,0,4
NAV2,NAV2,2.0,,0,14
NAV3,NAV3,2.0,,0,7
NBEA,NBEA,1.0,,1,31
NCAPH2,NCAPH2,3.0,,0,2
NCKAP1,NCKAP1,1.0,24.75,0,21
NCL,NUCLEOLIN,3.0,,0,5
NCOA1,NCOA1,1.0,3.0,0,5
NCOR1,NCOR1,2.0,,0,13
NDUFA5,NDUFA5,2.0,,0,4
NEDD4,NEDD4,3.0,,0,4
NEGR1,NEGR1,2.0,,0,7
NEO1,NEO1,2.0,,0,5
NEXMIF,NEXMIF,1.0,,0,41
NF1,NF1,1.0,9.3,1,50
NFE2L3,NFE2L3,2.0,,0,7
NFIA,NFIA,2.0,,0,20
NFIB,NFIB,2.0,,1,9
NFIX,NFIX,,,1,23
NINL,NINL,2.0,,0,11
NIPA1,NIPA1,2.0,,0,6
NIPA2,NIPA2,2.0,,0,3
NIPBL,NIPBL,1.0,15.8,1,25
NKX2-2,NKX2-2,3.0,,0,3
NLGN1,NLGN1,2.0,,0,25
NLGN2,NLGN2,1.0,3.0,0,19
NLGN3,NLGN3,1.0,6.5,0,60
NLGN4X,NLGN4X,1.0,12.0,0,46
NLGN4Y,NLGN4Y,2.0,,0,6
NOTCH1,NOTCH1,2.0,,0,13
NOVA2,NOVA2,,,1,4
NPAS2,NPAS2,2.0,,0,5
NPAS3,NPAS3,3.0,,0,9
NPFFR2,NPFFR2,3.0,,0,7
NPTN,NPTN,3.0,,0,3
NR1D1,NR1D1,2.0,,0,4
NR2F1,NR2F1,2.0,,1,33
NR3C2,NR3C2,1.0,,1,13
NR4A2,NR4A2,1.0,11.5,0,20
NRCAM,NRCAM,2.0,,0,6
NRP2,NRP2,2.0,,0,11
NRXN1,NRXN1,1.0,143.75,0,128
NRXN2,NRXN2,1.0,7.0,0,20
NRXN3,NRXN3,1.0,11.1,0,32
NSD1,NSD1,1.0,23.4,1,42
NSD2,NSD2,2.0,,1,18
NSMCE3,NSMCE3,2.0,,0,6
NTNG1,NTNG1,2.0,,1,8
NTNG2,NTNG2,,,1,6
NTRK1,NTRK1,2.0,,0,11
NTRK2,NTRK2,,,1,12
NTRK3,NTRK3,2.0,,0,16
NUAK1,NUAK1,2.0,,0,6
NUDCD2,NUDCD2,2.0,,0,4
NUP133,NUP133,2.0,,0,6
NUP155,NUP155,1.0,0.1,0,5
NXF1,NXF1,3.0,,0,2
NXPH1,NXPH1,2.0,,0,6
OCRL,OCRL,,,1,11
OFD1,OFD1,2.0,6.0,0,8
OPHN1,OPHN1,2.0,,0,23
OR1C1,OR1C1,2.0,,0,4
OR2T10,OR2T10,2.0,,0,5
OR52M1,OR52M1,2.0,,0,4
OTUD7A,OTUD7A,2.0,,0,11
OTULIN,OTULIN,3.0,,0,6
OTX1,OTX1,2.0,,0,4
OXT,OXT,2.0,,0,5
OXTR,OXTR,2.0,,0,54
P2RX5,P2RX5,2.0,,0,6
P4HA2,P4HA2,2.0,,0,5
PABPC1,PABPC1,3.0,,1,6
PACS1,PACS1,1.0,1.35,1,24
PACS2,PACS2,,,1,15
PAFAH1B2,PAFAH1B2,2.0,,0,4
PAH,PAH,1.0,,0,14
PAK1,PAK1,,,1,8
PAK2,PAK2,2.0,,0,8
PAPOLG,PAPOLG,2.0,,0,7
PARD3B,PARD3B,2.0,,0,11
PATJ,PATJ,2.0,,0,8
PAX5,PAX5,1.0,5.75,0,10
PAX6,PAX6,,,1,10
PBX1,PBX1,2.0,,0,10
PC,PC,3.0,,0,10
PCCA,PCCA,,,1,15
PCCB,PCCB,1.0,,1,12
PCDH10,PCDH10,2.0,,0,12
PCDH11X,PCDH11X,2.0,1.1,0,5
PCDH15,PCDH15,2.0,,0,15
PCDH19,PCDH19,1.0,,1,72
PCDH9,PCDH9,2.0,,0,14
PCDHA1,PCDHA1,2.0,,0,5
PCDHA10,PCDHA10,2.0,,0,6
PCDHA11,PCDHA11,2.0,,0,6
PCDHA12,PCDHA12,2.0,,0,5
PCDHA13,PCDHA13,2.0,,0,5
PCDHA2,PCDHA2,2.0,,0,7
PCDHA3,PCDHA3,2.0,,0,5
PCDHA4,PCDHA4,2.0,,0,7
PCDHA5,PCDHA5,2.0,,0,9
PCDHA6,PCDHA6,2.0,,0,5
PCDHA7,PCDHA7,2.0,,0,8
PCDHA8,PCDHA8,2.0,,0,6
PCDHA9,PCDHA9,2.0,,0,5
PCDHAC1,PCDHAC1,2.0,,0,6
PCDHAC2,PCDHAC2,2.0,,0,5
PCLO,PCLO,2.0,,0,14
PCM1,PCM1,2.0,,0,6
PDCD1,PDCD1,2.0,,0,5
PDE1C,PDE1C,2.0,,0,3
PDE3B,PDE3B,3.0,,0,9
PDHA1,PDHA1,3.0,,0,8
PDK2,PDK2,2.0,,0,7
PDZD8,PDZD8,,,1,7
PEBP4,PEBP4,3.0,,0,2
PER1,PER1,2.0,,0,11
PER2,PER2,2.0,6.75,0,9
PEX7,PEX7,2.0,,0,5
PHB,PHB1,2.0,,0,1
PHF12,PHF12,1.0,9.5,0,5
PHF14,PHF14,3.0,,0,7
PHF2,PHF2,1.0,4.25,0,8
PHF21A,PHF21A,1.0,5.35,1,23
PHF3,PHF3,1.0,9.75,0,7
PHF7,PHF7,2.0,,0,4
PHF8,PHF8,,,1,19
PHIP,PHIP,1.0,,1,31
PHLPP1,PHLPP1,3.0,,0,8
PHRF1,PHRF1,2.0,,0,5
PIK3CA,PIK3CA,3.0,,0,12
PIK3CG,PIK3CG,2.0,,0,6
PIK3R2,PIK3R2,,,1,11
PITX1,PITX1,2.0,,0,7
PJA1,PJA1,3.0,,1,1
PKD1,PKD1,3.0,,0,11
PLAA,PLAA,3.0,,0,8
PLAUR,PLAUR,2.0,,0,3
PLCB1,PLCB1,2.0,,0,9
PLCD4,PLCD4,2.0,,0,5
PLN,PLN,2.0,,0,5
PLPPR4,PLPPR4,3.0,,0,7
PLXNA3,PLXNA3,2.0,,0,12
PLXNA4,PLXNA4,2.0,,0,8
PLXNB1,PLXNB1,2.0,,0,6
POGZ,POGZ,1.0,35.4,1,81
POLA2,POLA2,2.0,,0,7
POLR2A,POLR2A,3.0,,1,13
POLR3A,POLR3A,3.0,,1,14
POMGNT1,POMGNT1,1.0,1.0,1,10
POMT1,POMT1,2.0,,0,6
PON1,PON1,2.0,,0,5
POT1,POT1,2.0,,0,3
POU3F3,POU3F3,,,1,6
PPFIA1,PPFIA1,2.0,,0,7
PPFIA3,PPFIA3,3.0,,1,8
PPM1D,PPM1D,2.0,,1,13
PPP1R1B,PPP1R1B,2.0,,0,2
PPP1R9B,PPP1R9B,1.0,1.5,0,7
PPP2CA,PPP2CA,,,1,7
PPP2R1A,PPP2R1A,3.0,,0,7
PPP2R1B,PPP2R1B,2.0,,0,9
PPP2R5C,PPP2R5C,3.0,,1,6
PPP2R5D,PPP2R5D,1.0,8.5,1,45
PPP3CA,PPP3CA,3.0,,1,16
PPP5C,PPP5C,1.0,1.0,0,3
PREX1,PREX1,2.0,,0,9
PRICKLE1,PRICKLE1,2.0,,0,7
PRICKLE2,PRICKLE2,2.0,,0,10
PRKAR1B,PRKAR1B,2.0,,0,9
PRKCA,PRKCA,2.0,,0,7
PRKCB,PRKCB,2.0,,0,9
PRKD1,PRKD1,,,1,7
PRKD2,PRKD2,2.0,,0,5
PRKDC,PRKDC,2.0,,0,10
PRKN,PRKN,2.0,,0,20
PRODH,PRODH,2.0,,1,10
PRPF19,PRPF19,3.0,,0,4
PRPF39,PRPF39,2.0,,0,3
PRPF8,PRPF8,3.0,,1,13
PRR12,PRR12,1.0,,1,12
PRR14L,PRR14L,1.0,5.0,0,6
PRUNE2,PRUNE2,2.0,,0,12
PSMC5,PSMC5,3.0,,0,4
PSMD11,PSMD11,1.0,,0,4
PSMD12,PSMD12,1.0,6.0,1,8
PSMD6,PSMD6,1.0,8.3,0,4
PTBP2,PTBP2,2.0,,0,9
PTCH1,PTCH1,3.0,,0,15
PTCHD1,PTCHD1,1.0,5.2,0,26
PTDSS1,PTDSS1,3.0,,0,6
PTEN,PTEN,1.0,63.15,1,133
PTGS2,PTGS2,2.0,,0,8
PTK7,PTK7,1.0,,0,10
PTPN11,PTPN11,1.0,,1,34
PTPN4,PTPN4,,,1,5
PTPRB,PTPRB,2.0,,0,7
PTPRC,PTPRC,2.0,,0,12
PTPRD,PTPRD,2.0,,0,15
PTPRS,PTPRS,3.0,,0,11
PTPRT,PTPRT,2.0,,0,13
PUF60,PUF60,3.0,,1,6
PXDN,PXDN,2.0,,0,11
PYHIN1,PYHIN1,2.0,,0,5
QRICH1,QRICH1,2.0,,0,16
RAB11FIP4,RAB11FIP4,3.0,,0,3
RAB11FIP5,RAB11FIP5,2.0,,0,6
RAB2A,RAB2A,2.0,,0,8
RAB39B,RAB39B,2.0,,0,19
RAB43,RAB43,2.0,,0,2
RAC1,RAC1,,,1,13
RAD21,RAD21,,,1,9
RAD21L1,RAD21L1,2.0,,0,4
RAI1,RAI1,1.0,12.25,1,45
RALA,RALA,,,1,7
RALGAPA1,RALGAPA1,3.0,,0,7
RALGAPB,RALGAPB,1.0,,0,7
RANBP17,RANBP17,2.0,,0,13
RANBP9,RANBP9,3.0,,0,7
RAP1A,RAP1A,3.0,,0,4
RAPGEF2,RAPGEF2,3.0,,0,5
RAPGEF4,RAPGEF4,2.0,,0,18
RASSF5,RASSF5,2.0,,0,4
RBBP5,RBBP5,2.0,,0,5
RBFOX1,RBFOX1,2.0,,0,46
RBM27,RBM27,2.0,,0,6
REEP3,REEP3,2.0,,0,3
RELN,RELN,1.0,7.2,0,69
RERE,RERE,1.0,6.5,1,24
RFX3,RFX3,1.0,15.95,0,14
RFX4,RFX4,3.0,,1,3
RFX7,RFX7,3.0,,1,5
RGS7,RGS7,2.0,,0,6
RHEB,RHEB,,,1,3
RHOXF1,RHOXF1,2.0,,0,3
RICTOR,RICTOR,3.0,,0,4
RIMS1,RIMS1,1.0,11.35,0,15
RIMS2,RIMS2,3.0,,1,8
RIMS3,RIMS3,2.0,,0,4
RIT2,RIT2,2.0,,0,3
RLIM,RLIM,,,1,7
RNF135,RNF135,2.0,,1,5
RNF38,RNF38,2.0,,0,2
ROBO2,ROBO2,2.0,,0,12
RORA,RORA,,,1,26
RORB,RORB,1.0,8.25,1,17
RPH3A,RPH3A,3.0,,0,9
RPL10,RPL10,2.0,,0,14
RPS6KA2,RPS6KA2,2.0,,0,5
RPS6KA3,RPS6KA3,2.0,,1,22
RSF1,RSF1,3.0,,0,5
RSRC1,RSRC1,,,1,9
RUNX1T1,RUNX1T1,1.0,,0,4
SACS,SACS,2.0,,0,12
SAE1,SAE1,2.0,,0,4
SATB1,SATB1,1.0,2.5,1,7
SATB2,SATB2,1.0,24.95,1,56
SBF1,SBF1,2.0,,0,13
SCAF1,SCAF1,2.0,,0,4
SCAF4,SCAF4,2.0,,1,8
SCGN,SCGN,3.0,,0,4
SCN1A,SCN1A,1.0,,1,119
SCN2A,SCN2A,1.0,109.3,0,167
SCN3A,SCN3A,3.0,,0,15
SCN4A,SCN4A,2.0,,0,9
SCN8A,SCN8A,1.0,,0,72
SCN9A,SCN9A,2.0,,0,16
SCP2,SCP2,2.0,,0,3
SDC2,SDC2,2.0,,0,4
SEMA5A,SEMA5A,2.0,,0,23
SENP1,SENP1,3.0,,0,3
SENP6,SENP6,3.0,,0,4
SERPINE1,SERPINE1,2.0,,0,4
SET,SET,2.0,4.0,0,9
SETBP1,SETBP1,1.0,,0,44
SETD1A,SETD1A,1.0,4.35,1,21
SETD1B,SETD1B,2.0,,1,29
SETD2,SETD2,1.0,,0,34
SETD5,SETD5,1.0,28.05,1,57
SETDB1,SETDB1,2.0,,0,6
SETDB2,SETDB2,2.0,,0,4
SEZ6L2,SEZ6L2,2.0,,0,8
SF1,SF1,1.0,,0,2
SF3B1,SF3B1,2.0,,0,7
SF3B3,SF3B3,2.0,,0,6
SGSH,SGSH,,,1,11
SGSM3,SGSM3,2.0,,0,11
SH3RF1,SH3RF1,3.0,,0,8
SH3RF3,SH3RF3,2.0,,0,6
SHANK1,SHANK1,2.0,14.65,0,22
SHANK2,SHANK2,1.0,18.55,0,64
SHANK3,SHANK3,1.0,74.85,1,199
SHOX,SHOX,2.0,,0,3
SIK1,SIK1,,,1,8
SIN3A,SIN3A,1.0,,1,19
SIN3B,SIN3B,2.0,,1,9
SKI,SKI,1.0,4.25,0,10
SLC12A5,SLC12A5,2.0,,0,10
SLC1A1,SLC1A1,2.0,,0,16
SLC1A2,SLC1A2,3.0,,0,13
SLC22A9,SLC22A9,2.0,,0,8
SLC23A1,SLC23A1,3.0,,0,8
SLC24A2,SLC24A2,2.0,,0,5
SLC25A12,SLC25A12,2.0,,0,26
SLC25A27,SLC25A27,2.0,,0,1
SLC27A4,SLC27A4,2.0,,0,4
SLC29A4,SLC29A4,2.0,,0,2
SLC35G1,SLC35G1,2.0,,0,4
SLC38A10,SLC38A10,2.0,,0,4
SLC45A1,SLC45A1,,,1,8
SLC4A10,SLC4A10,2.0,,0,11
SLC6A1,SLC6A1,1.0,31.15,1,68
SLC6A3,SLC6A3,2.0,,0,19
SLC6A4,SLC6A4,2.0,,0,32
SLC6A8,SLC6A8,2.0,,0,28
SLC7A3,SLC7A3,2.0,,0,3
SLC7A5,SLC7A5,2.0,,0,6
SLC7A7,SLC7A7,2.0,,0,9
SLC9A1,SLC9A1,3.0,,1,8
SLC9A6,SLC9A6,1.0,,1,24
SLC9A9,SLC9A9,2.0,,0,19
SLCO1B3,SLCO1B3,2.0,,0,8
SLITRK2,SLITRK2,,,1,8
SLITRK5,SLITRK5,2.0,,0,11
SMAD4,SMAD4,2.0,,0,16
SMAP2,SMAP2,2.0,,0,5
SMARCA1,SMARCA1,1.0,,0,5
SMARCA2,SMARCA2,1.0,,1,32
SMARCA4,SMARCA4,1.0,,0,29
SMARCC2,SMARCC2,1.0,10.0,1,23
SMC1A,SMC1A,,,1,21
SMC3,SMC3,2.0,,1,16
SMG6,SMG6,2.0,,0,6
SMURF1,SMURF1,2.0,,0,4
SNAP25,SNAP25,2.0,,0,15
SNCAIP,SNCAIP,3.0,,0,3
SND1,SND1,2.0,,0,11
SNTG2,SNTG2,2.0,,0,7
SNX14,SNX14,,,1,12
SNX5,SNX5,2.0,,0,6
SOD1,SOD1,2.0,,0,4
SON,SON,1.0,11.0,1,31
SORCS3,SORCS3,2.0,,0,7
SOS2,SOS2,1.0,0.85,0,7
SOX5,SOX5,1.0,17.6,1,27
SOX6,SOX6,,,1,6
SPARCL1,SPARCL1,2.0,,0,5
SPAST,SPAST,1.0,8.1,0,20
SPEN,SPEN,2.0,,0,22
SPP2,SPP2,2.0,,0,4
SPRY2,SPRY2,2.0,,0,5
SPTAN1,SPTAN1,3.0,,0,13
SPTBN1,SPTBN1,2.0,,1,18
SRCAP,SRCAP,1.0,,0,22
SRGAP3,SRGAP3,2.0,,0,6
SRPRA,SRPRA,1.0,4.75,0,4
SRRM2,SRRM2,2.0,,1,16
SRSF1,SRSF1,3.0,,1,4
SRSF11,SRSF11,2.0,,0,6
SSR4,SSR4,3.0,,0,4
SSRP1,SSRP1,2.0,,0,3
ST7,ST7,2.0,,0,4
ST8SIA2,ST8SIA2,2.0,,0,13
STAG1,STAG1,,,1,12
STK39,STK39,2.0,,0,5
STX1A,STX1A,2.0,,0,7
STXBP1,STXBP1,1.0,19.1,1,86
STXBP5,STXBP5,2.0,,0,9
STYK1,STYK1,2.0,,0,5
SUPT16H,SUPT16H,2.0,,1,11
SYAP1,SYAP1,2.0,,0,2
SYBU,SYBU,3.0,,0,2
SYCE1,SYCE1,3.0,,0,3
SYN1,SYN1,1.0,2.35,0,33
SYN2,SYN2,2.0,,0,7
SYNCRIP,SYNCRIP,2.0,,0,10
SYNE1,SYNE1,2.0,,0,28
SYNGAP1,SYNGAP1,1.0,40.75,1,132
SYNJ1,SYNJ1,2.0,,0,3
SYP,SYP,3.0,,0,6
SYT1,SYT1,,,1,14
SYT17,SYT17,2.0,,0,6
TAF1,TAF1,,,1,18
TAF1C,TAF1C,2.0,,0,6
TAF4,TAF4,2.0,,1,8
TAF6,TAF6,2.0,,0,9
TANC2,TANC2,1.0,24.95,1,24
TAOK1,TAOK1,1.0,8.25,1,14
TAOK2,TAOK2,2.0,,0,14
TBC1D23,TBC1D23,,,1,7
TBC1D31,TBC1D31,2.0,,0,7
TBC1D5,TBC1D5,2.0,,0,12
TBCB,TBCB,3.0,,0,3
TBCEL,TBCEL,1.0,5.6,0,3
TBCK,TBCK,1.0,1.0,1,6
TBL1X,TBL1X,2.0,,0,1
TBL1XR1,TBL1XR1,1.0,9.15,0,37
TBR1,TBR1,1.0,10.85,0,51
TBX1,TBX1,,,1,7
TBX22,TBX22,3.0,,0,2
TCEAL1,TCEAL1,3.0,,1,5
TCF12,TCF12,3.0,,0,10
TCF20,TCF20,1.0,38.0,1,38
TCF4,TCF4,1.0,13.5,1,84
TCF7L2,TCF7L2,1.0,2.1,0,14
TDO2,TDO2,2.0,,0,5
TECTA,TECTA,2.0,,0,11
TEK,TEK,1.0,2.0,0,5
TERB2,TERB2,2.0,,0,1
TERF2,TERF2,2.0,,0,8
TET2,TET2,2.0,,0,8
TET3,TET3,,,1,10
TFB2M,TFB2M,3.0,,0,1
TFE3,TFE3,,,1,8
TGM1,TGM1,3.0,,0,5
THBS1,THBS1,2.0,,0,6
THRA,THRA,2.0,,0,6
TLE3,TLE3,1.0,,0,6
TLK2,TLK2,1.0,13.5,1,30
TLN2,TLN2,3.0,,0,10
TM4SF19,TM4SF19,2.0,,0,5
TM4SF20,TM4SF20,,,1,4
TMLHE,TMLHE,2.0,,0,11
TNPO3,TNPO3,3.0,6.35,0,10
TNRC6B,TNRC6B,2.0,,0,25
TNRC6C,TNRC6C,2.0,,0,7
TNS2,TNS2,3.0,,0,5
TOP2B,TOP2B,2.0,,0,9
TOP3B,TOP3B,2.0,,0,10
TPO,TPO,2.0,,0,3
TRAF7,TRAF7,1.0,3.5,1,11
TRAP1,TRAP1,3.0,,0,4
TRAPPC2L,TRAPPC2L,3.0,,0,4
TRAPPC6B,TRAPPC6B,,,1,9
TRAPPC9,TRAPPC9,2.0,,0,29
TRIM23,TRIM23,1.0,,0,8
TRIM32,TRIM32,3.0,,0,5
TRIM33,TRIM33,2.0,,0,3
TRIM8,TRIM8,3.0,,1,7
TRIO,TRIO,1.0,,0,61
TRIP12,TRIP12,1.0,27.0,1,51
TRPC4,TRPC4,3.0,,0,6
TRPC5,TRPC5,3.0,,0,10
TRPC6,TRPC6,2.0,7.2,0,7
TRPM1,TRPM1,2.0,,0,7
TRPM3,TRPM3,,,1,15
TRPM6,TRPM6,3.0,,0,6
TRPM7,TRPM7,3.0,,0,8
TRRAP,TRRAP,1.0,,1,25
TSC1,TSC1,1.0,17.1,1,41
TSC2,TSC2,1.0,,1,72
TSHZ1,TSHZ1,1.0,,0,6
TSHZ3,TSHZ3,1.0,,0,8
TSPAN4,TSPAN4,2.0,,0,5
TSPAN7,TSPAN7,2.0,,0,12
TSPOAP1,TSPOAP1,2.0,,0,9
TSPYL2,TSPYL2,3.0,,0,7
TTI2,TTI2,,,1,3
TTN,TTN,2.0,,1,38
TUBGCP5,TUBGCP5,2.0,,0,6
U2AF2,U2AF2,3.0,,0,8
UBA7,UBA7,2.0,,0,4
UBAP2L,UBAP2L,1.0,,0,5
UBE2H,UBE2H,2.0,,0,3
UBE3A,UBE3A,1.0,,1,59
UBE3C,UBE3C,2.0,,0,8
UBN2,UBN2,2.0,,0,5
UBR1,UBR1,1.0,1.6,0,6
UBR3,UBR3,2.0,,0,7
UBR5,UBR5,2.0,18.45,0,15
UGGT1,UGGT1,3.0,,1,5
UIMC1,UIMC1,2.0,,0,6
UNC13A,UNC13A,2.0,,1,13
UNC5D,UNC5D,3.0,,0,6
UNC79,UNC79,2.0,,0,11
UNC80,UNC80,2.0,,0,13
UPF2,UPF2,2.0,,0,10
UPF3B,UPF3B,1.0,,1,20
USH2A,USH2A,2.0,,0,14
USP15,USP15,2.0,,0,6
USP24,USP24,3.0,,0,14
USP27X,USP27X,3.0,,0,7
USP30,USP30,3.0,,0,4
USP45,USP45,2.0,,0,8
USP7,USP7,2.0,,1,20
USP9X,USP9X,1.0,,1,23
USP9Y,USP9Y,2.0,,0,2
VAMP2,VAMP2,,,1,4
VASH1,VASH1,2.0,,0,5
VCP,VCP,3.0,,0,7
VEZF1,VEZF1,1.0,0.5,0,4
VPS13B,VPS13B,1.0,6.35,1,36
VPS54,VPS54,3.0,,0,4
VSIG4,VSIG4,2.0,,0,4
VWA7,VWA7,3.0,,0,3
WAC,WAC,1.0,15.0,1,37
WASF1,WASF1,,,1,5
WDFY3,WDFY3,1.0,17.2,0,29
WDFY4,WDFY4,2.0,,0,15
WDR26,WDR26,,,1,13
WDR37,WDR37,3.0,,0,7
WDR5,WDR5,,,1,3
WNK3,WNK3,2.0,,0,9
WNT1,WNT1,2.0,,0,6
WWOX,WWOX,2.0,,0,18
WWP1,WWP1,3.0,,0,2
XPC,XPC,,,1,14
XPO1,XPO1,2.0,,0,12
XRCC6,XRCC6,3.0,,0,3
YEATS2,YEATS2,2.0,,0,5
YTHDC2,YTHDC2,2.0,,0,9
YWHAE,YWHAE,2.0,,0,5
YWHAG,YWHAG,3.0,,1,16
YWHAZ,YWHAZ,3.0,,0,16
YY1,YY1,1.0,,1,12
ZBTB16,ZBTB16,2.0,,0,4
ZBTB18,ZBTB18,,,1,17
ZBTB20,ZBTB20,1.0,,1,34
ZBTB21,ZBTB21,1.0,2.25,0,5
ZBTB7A,ZBTB7A,,,1,3
ZC3H11A,ZC3H11A,2.0,,0,5
ZC3H4,ZC3H4,2.0,,0,9
ZEB2,ZEB2,3.0,,0,9
ZFHX3,ZFHX3,3.0,,1,16
ZFHX4,ZFHX4,3.0,,1,6
ZFX,ZFX,3.0,,1,5
ZFYVE26,ZFYVE26,2.0,,0,7
ZFYVE9,ZFYVE9,3.0,,0,7
ZMIZ1,ZMIZ1,2.0,,1,15
ZMYM2,ZMYM2,2.0,,1,12
ZMYM3,ZMYM3,,,1,10
ZMYND11,ZMYND11,2.0,,0,20
ZMYND8,ZMYND8,1.0,4.5,1,9
ZNF18,ZNF18,2.0,,0,3
ZNF292,ZNF292,1.0,,1,19
ZNF385B,ZNF385B,2.0,,0,4
ZNF462,ZNF462,1.0,10.6,1,21
ZNF517,ZNF517,2.0,,0,6
ZNF532,ZNF532,3.0,,0,5
ZNF536,ZNF536,3.0,,0,12
ZNF548,ZNF548,2.0,,0,5
ZNF559,ZNF559,2.0,,0,10
ZNF644,ZNF644,3.0,,0,5
ZNF711,ZNF711,2.0,4.25,0,5
ZNF713,ZNF713,2.0,,0,4
ZNF774,ZNF774,2.0,,0,5
ZNF804A,ZNF804A,2.0,,0,18
ZNF827,ZNF827,2.0,,0,5
ZNF865,ZNF865,1.0,,0,5
ZSWIM6,ZSWIM6,,,1,9
ZWILCH,ZWILCH,2.0,,0,5
