experiment,rep,fold,model,accuracy,precision,recall,f1,roc_auc,pr_auc,task_seconds
sfari,1,0,Majority,79.22077922077922,0.0,0.0,0.0,0.5,0.2077922077922078,71.2
sfari,1,0,Degree,80.51948051948052,60.0,18.75,28.57142857142857,0.7544968123861566,0.49707839760940503,71.2
sfari,1,0,Eigenvector,81.81818181818183,71.42857142857143,20.833333333333336,32.25806451612903,0.7605874316939891,0.47799447931919203,71.2
sfari,1,0,SFARI reports (diagnostic),82.68398268398268,90.0,18.75,31.03448275862069,0.8786999089253188,0.723401489448755,71.2
sfari,1,0,LogReg,75.32467532467533,43.07692307692308,58.333333333333336,49.557522123893804,0.7397540983606556,0.47040441418363704,71.2
sfari,1,0,RandomForest,71.42857142857143,29.545454545454547,27.083333333333332,28.26086956521739,0.6311475409836066,0.29782655394355617,71.2
sfari,1,0,MLP,79.22077922077922,50.0,25.0,33.33333333333333,0.619535519125683,0.4053261955622157,71.2
sfari,1,0,GCN,70.56277056277057,37.5,62.5,46.875,0.7206284153005464,0.4366620549533125,71.2
sfari,1,0,GraphSAGE,77.92207792207793,45.45454545454545,31.25,37.03703703703704,0.7531876138433515,0.47126659132223525,71.2
sfari,1,0,GAT-LR,65.36796536796537,32.22222222222222,60.416666666666664,42.028985507246375,0.6805555555555555,0.32374857600353,71.2
sfari,0,1,Majority,79.56521739130434,0.0,0.0,0.0,0.5,0.20434782608695654,71.2
sfari,0,1,Degree,80.43478260869566,75.0,6.382978723404255,11.76470588235294,0.6748633879781422,0.42214266887788227,71.2
sfari,0,1,Eigenvector,80.8695652173913,71.42857142857143,10.638297872340425,18.51851851851852,0.6848040925473782,0.42994686641768687,71.2
sfari,0,1,SFARI reports (diagnostic),80.0,66.66666666666666,4.25531914893617,8.0,0.8232763632135797,0.6392547982927943,71.2
sfari,0,1,LogReg,73.47826086956522,38.70967741935484,51.06382978723404,44.03669724770643,0.6706196953842576,0.4186021246278083,71.2
sfari,0,1,RandomForest,72.60869565217392,34.61538461538461,38.297872340425535,36.36363636363637,0.5978955935356354,0.34659137012764485,71.2
sfari,0,1,MLP,78.69565217391305,45.0,19.148936170212767,26.865671641791046,0.6153935588885013,0.3721394303822714,71.2
sfari,0,1,GCN,74.78260869565217,42.25352112676056,63.829787234042556,50.847457627118644,0.7278223462388094,0.4414322991251694,71.2
sfari,0,1,GraphSAGE,65.65217391304347,32.608695652173914,63.829787234042556,43.16546762589928,0.6931752121846296,0.40085555138701867,71.2
sfari,0,1,GAT-LR,60.43478260869565,30.701754385964914,74.46808510638297,43.47826086956522,0.6902685734216951,0.3201389134149129,71.2
sfari,0,3,Majority,79.13043478260869,0.0,0.0,0.0,0.5,0.20869565217391303,71.5
sfari,0,3,Degree,80.8695652173913,75.0,12.5,21.428571428571427,0.7029532967032968,0.4648295196407839,71.5
sfari,0,3,Eigenvector,80.43478260869566,71.42857142857143,10.416666666666668,18.181818181818183,0.7224130036630036,0.4539584473898688,71.5
sfari,0,3,SFARI reports (diagnostic),80.0,100.0,4.166666666666666,8.0,0.8978365384615384,0.8311139029689975,71.5
sfari,0,3,LogReg,72.17391304347827,37.5,50.0,42.857142857142854,0.6990613553113554,0.43648133050218485,71.5
sfari,0,3,RandomForest,70.86956521739131,29.78723404255319,29.166666666666668,29.47368421052631,0.6299221611721612,0.3287697115950017,71.5
sfari,0,3,MLP,79.56521739130434,53.84615384615385,14.583333333333334,22.950819672131146,0.674793956043956,0.4064077350171963,71.5
sfari,0,3,GCN,66.95652173913044,33.33333333333333,58.333333333333336,42.42424242424242,0.7118818681318682,0.42056979902757224,71.5
sfari,0,3,GraphSAGE,59.56521739130435,30.434782608695656,72.91666666666666,42.944785276073624,0.7147435897435898,0.4395396047713312,71.5
sfari,0,3,GAT-LR,78.69565217391305,0.0,0.0,0.0,0.7097069597069597,0.3613786957091106,71.5
sfari,0,2,Majority,79.13043478260869,0.0,0.0,0.0,0.5,0.20869565217391303,71.6
sfari,0,2,Degree,80.0,75.0,6.25,11.538461538461538,0.6924793956043956,0.4240485921221093,71.6
sfari,0,2,Eigenvector,79.56521739130434,60.0,6.25,11.320754716981133,0.7115384615384616,0.40645972650554707,71.6
sfari,0,2,SFARI reports (diagnostic),84.34782608695653,100.0,25.0,40.0,0.7983058608058607,0.6690459123741955,71.6
sfari,0,2,LogReg,70.0,35.2112676056338,52.083333333333336,42.016806722689076,0.7078754578754578,0.41099746121573955,71.6
sfari,0,2,RandomForest,70.86956521739131,33.33333333333333,39.58333333333333,36.19047619047619,0.6768543956043955,0.36292370613382513,71.6
sfari,0,2,MLP,79.13043478260869,50.0,16.666666666666664,25.0,0.6524725274725275,0.37082107404415987,71.6
sfari,0,2,GCN,68.69565217391305,36.04651162790697,64.58333333333334,46.26865671641791,0.7314560439560439,0.3961217629979147,71.6
sfari,0,2,GraphSAGE,66.95652173913044,35.41666666666667,70.83333333333334,47.22222222222222,0.7454212454212454,0.43574448029191415,71.6
sfari,0,2,GAT-LR,58.69565217391305,29.914529914529915,72.91666666666666,42.42424242424242,0.6948260073260073,0.33643186492135957,71.6
sfari,0,0,Majority,79.22077922077922,0.0,0.0,0.0,0.5,0.2077922077922078,72.2
sfari,0,0,Degree,80.95238095238095,66.66666666666666,16.666666666666664,26.666666666666668,0.6890368852459017,0.39647867598373954,72.2
sfari,0,0,Eigenvector,80.08658008658008,60.0,12.5,20.689655172413794,0.6844262295081966,0.3905368418160257,72.2
sfari,0,0,SFARI reports (diagnostic),80.08658008658008,100.0,4.166666666666666,8.0,0.7882513661202185,0.6828530942715134,72.2
sfari,0,0,LogReg,70.995670995671,34.42622950819672,43.75,38.53211009174312,0.6754326047358834,0.39432508172018377,72.2
sfari,0,0,RandomForest,72.2943722943723,32.608695652173914,31.25,31.914893617021278,0.5939207650273226,0.32224891290666635,72.2
sfari,0,0,MLP,78.35497835497836,45.0,18.75,26.47058823529412,0.6432149362477232,0.39245208391565195,72.2
sfari,0,0,GCN,66.66666666666666,33.33333333333333,60.416666666666664,42.96296296296296,0.7075364298724954,0.41857769448631416,72.2
sfari,0,0,GraphSAGE,64.93506493506493,32.25806451612903,62.5,42.5531914893617,0.7091302367941712,0.41680243430012204,72.2
sfari,0,0,GAT-LR,67.53246753246754,35.78947368421053,70.83333333333334,47.55244755244755,0.7239298724954462,0.36953499098707665,72.2
sfari,0,4,Majority,79.13043478260869,0.0,0.0,0.0,0.5,0.20869565217391303,74.1
sfari,0,4,Degree,78.26086956521739,41.66666666666667,10.416666666666668,16.666666666666664,0.6265453296703297,0.3672737075471935,74.1
sfari,0,4,Eigenvector,80.8695652173913,60.0,25.0,35.294117647058826,0.65625,0.4162001233965711,74.1
sfari,0,4,SFARI reports (diagnostic),80.8695652173913,100.0,8.333333333333332,15.384615384615385,0.759271978021978,0.5892909952955816,74.1
sfari,0,4,LogReg,64.78260869565217,30.58823529411765,54.166666666666664,39.097744360902254,0.635187728937729,0.39474547472057203,74.1
sfari,0,4,RandomForest,71.73913043478261,32.6530612244898,33.33333333333333,32.98969072164948,0.6124656593406593,0.2852794905801897,74.1
sfari,0,4,MLP,75.65217391304347,35.714285714285715,20.833333333333336,26.31578947368421,0.6032509157509158,0.3032293977116267,74.1
sfari,0,4,GCN,64.34782608695652,33.0,68.75,44.5945945945946,0.6937957875457875,0.4000122299186176,74.1
sfari,0,4,GraphSAGE,62.60869565217392,31.372549019607842,66.66666666666666,42.66666666666667,0.674908424908425,0.3932627332332088,74.1
sfari,0,4,GAT-LR,69.56521739130434,35.8974358974359,58.333333333333336,44.44444444444444,0.7015796703296703,0.41303918189169747,74.1
sfari,1,1,Majority,79.56521739130434,0.0,0.0,0.0,0.5,0.20434782608695654,74.6
sfari,1,1,Degree,81.30434782608695,64.28571428571429,19.148936170212767,29.508196721311474,0.6838158353679803,0.4412752577145447,74.6
sfari,1,1,Eigenvector,80.43478260869566,62.5,10.638297872340425,18.181818181818183,0.6760841762585744,0.4266401427735427,74.6
sfari,1,1,SFARI reports (diagnostic),82.17391304347827,100.0,12.76595744680851,22.641509433962266,0.8191489361702128,0.7081700034535838,74.6
sfari,1,1,LogReg,70.0,34.72222222222222,53.191489361702125,42.016806722689076,0.6720148819904662,0.429536503683745,74.6
sfari,1,1,RandomForest,71.30434782608695,31.372549019607842,34.04255319148936,32.6530612244898,0.6254505290082548,0.3451539974346146,74.6
sfari,1,1,MLP,81.30434782608695,70.0,14.893617021276595,24.561403508771928,0.6558539704685501,0.39825082638126497,74.6
sfari,1,1,GCN,55.21739130434783,28.78787878787879,80.85106382978722,42.45810055865922,0.7200325543541448,0.44345339638713843,74.6
sfari,1,1,GraphSAGE,63.47826086956522,33.02752293577982,76.59574468085107,46.15384615384615,0.7431693989071039,0.4897031885287252,74.6
sfari,1,1,GAT-LR,62.17391304347826,30.0,63.829787234042556,40.816326530612244,0.6385304034414603,0.35161390468191667,74.6
sfari,1,4,Majority,79.13043478260869,0.0,0.0,0.0,0.5,0.20869565217391303,66.4
sfari,1,4,Degree,80.8695652173913,100.0,8.333333333333332,15.384615384615385,0.6451465201465202,0.4393236086141493,66.4
sfari,1,4,Eigenvector,80.43478260869566,66.66666666666666,12.5,21.052631578947366,0.6699862637362638,0.4467009727637617,66.4
sfari,1,4,SFARI reports (diagnostic),84.78260869565217,84.21052631578947,33.33333333333333,47.76119402985074,0.7902930402930401,0.6862436526415208,66.4
sfari,1,4,LogReg,66.52173913043478,32.098765432098766,54.166666666666664,40.310077519379846,0.6635760073260074,0.45341216463906087,66.4
sfari,1,4,RandomForest,76.95652173913044,43.58974358974359,35.41666666666667,39.08045977011494,0.6160714285714286,0.37178361352235795,66.4
sfari,1,4,MLP,76.95652173913044,40.0,20.833333333333336,27.397260273972602,0.6221382783882784,0.3463405363995283,66.4
sfari,1,4,GCN,60.86956521739131,30.909090909090907,70.83333333333334,43.037974683544306,0.7147435897435898,0.36804763380566996,66.4
sfari,1,4,GraphSAGE,70.43478260869566,35.714285714285715,52.083333333333336,42.3728813559322,0.6483516483516484,0.38731808902530074,66.4
sfari,1,4,GAT-LR,64.78260869565217,33.33333333333333,68.75,44.89795918367347,0.7082188644688645,0.36598868334754586,66.4
sfari,1,3,Majority,79.13043478260869,0.0,0.0,0.0,0.5,0.20869565217391303,66.8
sfari,1,3,Degree,79.56521739130434,60.0,6.25,11.320754716981133,0.6548763736263736,0.36049158484958155,66.8
sfari,1,3,Eigenvector,78.69565217391305,42.857142857142854,6.25,10.909090909090908,0.666437728937729,0.36434200054125027,66.8
sfari,1,3,SFARI reports (diagnostic),80.8695652173913,100.0,8.333333333333332,15.384615384615385,0.7697458791208791,0.6476435801129992,66.8
sfari,1,3,LogReg,66.52173913043478,29.577464788732392,43.75,35.294117647058826,0.6692994505494506,0.3565041165271586,66.8
sfari,1,3,RandomForest,69.1304347826087,27.450980392156865,29.166666666666668,28.28282828282828,0.6069139194139196,0.28922875122832753,66.8
sfari,1,3,MLP,76.08695652173914,31.57894736842105,12.5,17.91044776119403,0.6500686813186813,0.3277596021473173,66.8
sfari,1,3,GCN,68.26086956521739,34.5679012345679,58.333333333333336,43.41085271317829,0.7266483516483516,0.3896350202245268,66.8
sfari,1,3,GraphSAGE,70.86956521739131,38.55421686746988,66.66666666666666,48.854961832061065,0.7324862637362638,0.4145713376175909,66.8
sfari,1,3,GAT-LR,60.86956521739131,32.20338983050847,79.16666666666666,45.78313253012048,0.7081043956043955,0.3201417341224432,66.8
sfari,1,2,Majority,79.13043478260869,0.0,0.0,0.0,0.5,0.20869565217391303,67.6
sfari,1,2,Degree,79.13043478260869,50.0,6.25,11.11111111111111,0.6396520146520146,0.3475730095628864,67.6
sfari,1,2,Eigenvector,80.0,66.66666666666666,8.333333333333332,14.814814814814813,0.6891025641025641,0.40373148705547,67.6
sfari,1,2,SFARI reports (diagnostic),83.47826086956522,100.0,20.833333333333336,34.48275862068966,0.8048305860805861,0.6536319779547941,67.6
sfari,1,2,LogReg,72.60869565217392,35.294117647058826,37.5,36.36363636363637,0.6586538461538461,0.3735611412207967,67.6
sfari,1,2,RandomForest,72.17391304347827,34.0,35.41666666666667,34.69387755102041,0.6544184981684982,0.31876976412695035,67.6
sfari,1,2,MLP,77.82608695652173,36.36363636363637,8.333333333333332,13.559322033898304,0.6353021978021979,0.33279903425571156,67.6
sfari,1,2,GCN,60.43478260869565,32.231404958677686,81.25,46.15384615384615,0.7377518315018315,0.4404036634352746,67.6
sfari,1,2,GraphSAGE,64.78260869565217,33.663366336633665,70.83333333333334,45.63758389261745,0.7383241758241759,0.435885276671792,67.6
sfari,1,2,GAT-LR,68.26086956521739,37.11340206185567,75.0,49.6551724137931,0.7448489010989011,0.46707007132323214,67.6
sfari,2,0,Majority,79.22077922077922,0.0,0.0,0.0,0.5,0.2077922077922078,68.8
sfari,2,0,Degree,79.22077922077922,50.0,6.25,11.11111111111111,0.663422131147541,0.3792161248177213,68.8
sfari,2,0,Eigenvector,79.65367965367966,57.14285714285714,8.333333333333332,14.545454545454545,0.6870446265938069,0.3964339551677202,68.8
sfari,2,0,SFARI reports (diagnostic),80.08658008658008,75.0,6.25,11.538461538461538,0.7668488160291438,0.5809551603374754,68.8
sfari,2,0,LogReg,70.56277056277057,35.714285714285715,52.083333333333336,42.3728813559322,0.6818078324225866,0.38380609720237885,68.8
sfari,2,0,RandomForest,70.995670995671,31.372549019607842,33.33333333333333,32.323232323232325,0.5831625683060109,0.2958117390159501,68.8
sfari,2,0,MLP,77.92207792207793,42.10526315789473,16.666666666666664,23.88059701492537,0.6253415300546449,0.3633393646437548,68.8
sfari,2,0,GCN,63.20346320346321,31.313131313131315,64.58333333333334,42.17687074829932,0.7115209471766849,0.4024997020847427,68.8
sfari,2,0,GraphSAGE,60.17316017316018,31.35593220338983,77.08333333333334,44.57831325301205,0.7085610200364297,0.4154857824049686,68.8
sfari,2,0,GAT-LR,60.17316017316018,30.357142857142854,70.83333333333334,42.5,0.6887522768670309,0.3886613911141974,68.8
sfari,2,3,Majority,79.13043478260869,0.0,0.0,0.0,0.5,0.20869565217391303,66.8
sfari,2,3,Degree,80.43478260869566,63.63636363636363,14.583333333333334,23.728813559322035,0.6569940476190476,0.4171049341456236,66.8
sfari,2,3,Eigenvector,78.26086956521739,43.75,14.583333333333334,21.875,0.6902472527472528,0.3982575980138594,66.8
sfari,2,3,SFARI reports (diagnostic),82.17391304347827,100.0,14.583333333333334,25.454545454545453,0.8316163003663003,0.7385240194336283,66.8
sfari,2,3,LogReg,72.17391304347827,38.23529411764706,54.166666666666664,44.827586206896555,0.6655219780219781,0.40619421229229485,66.8
sfari,2,3,RandomForest,75.21739130434783,38.46153846153847,31.25,34.48275862068966,0.6319826007326007,0.3371594407400473,66.8
sfari,2,3,MLP,80.43478260869566,61.53846153846154,16.666666666666664,26.229508196721312,0.6733058608058607,0.39802561505283407,66.8
sfari,2,3,GCN,66.08695652173913,32.95454545454545,60.416666666666664,42.64705882352941,0.7309981684981685,0.39565552151777716,66.8
sfari,2,3,GraphSAGE,67.82608695652173,35.22727272727273,64.58333333333334,45.588235294117645,0.7324862637362638,0.45784950549259257,66.8
sfari,2,3,GAT-LR,66.08695652173913,35.84905660377358,79.16666666666666,49.35064935064935,0.7359203296703297,0.35915926782926927,66.8
sfari,2,1,Majority,79.56521739130434,0.0,0.0,0.0,0.5,0.20434782608695654,69.9
sfari,2,1,Degree,78.69565217391305,40.0,8.51063829787234,14.035087719298245,0.6700965004069295,0.33873734868134525,69.9
sfari,2,1,Eigenvector,78.69565217391305,43.75,14.893617021276595,22.22222222222222,0.6861992791535867,0.34384504323245446,69.9
sfari,2,1,SFARI reports (diagnostic),82.17391304347827,100.0,12.76595744680851,22.641509433962266,0.8008371119637251,0.6896930803900992,69.9
sfari,2,1,LogReg,70.0,30.357142857142854,36.17021276595745,33.00970873786408,0.6732938030461574,0.34291478184753776,69.9
sfari,2,1,RandomForest,69.56521739130434,27.450980392156865,29.78723404255319,28.57142857142857,0.613940239507034,0.28072422550019105,69.9
sfari,2,1,MLP,78.26086956521739,38.46153846153847,10.638297872340425,16.666666666666664,0.6477153819323335,0.343864374907414,69.9
sfari,2,1,GCN,55.65217391304348,27.27272727272727,70.2127659574468,39.285714285714285,0.6479479130333682,0.37715352746075764,69.9
sfari,2,1,GraphSAGE,66.52173913043478,31.25,53.191489361702125,39.37007874015748,0.6446924776188816,0.3547560893213272,69.9
sfari,2,1,GAT-LR,66.08695652173913,32.58426966292135,61.702127659574465,42.64705882352941,0.644808743169399,0.2988658543394711,69.9
sfari,2,2,Majority,79.13043478260869,0.0,0.0,0.0,0.5,0.20869565217391303,68.2
sfari,2,2,Degree,80.8695652173913,70.0,14.583333333333334,24.137931034482758,0.6614010989010988,0.44201267254372195,68.2
sfari,2,2,Eigenvector,81.30434782608695,69.23076923076923,18.75,29.508196721311474,0.6568223443223444,0.43137452484732575,68.2
sfari,2,2,SFARI reports (diagnostic),81.30434782608695,100.0,10.416666666666668,18.867924528301888,0.7932692307692308,0.6966634845475288,68.2
sfari,2,2,LogReg,66.95652173913044,32.5,54.166666666666664,40.625,0.6625457875457875,0.43551453938415496,68.2
sfari,2,2,RandomForest,72.17391304347827,34.0,35.41666666666667,34.69387755102041,0.6470352564102564,0.40082909701148345,68.2
sfari,2,2,MLP,77.39130434782608,37.5,12.5,18.75,0.6088598901098902,0.34051998822371626,68.2
sfari,2,2,GCN,58.26086956521739,29.66101694915254,72.91666666666666,42.168674698795186,0.6945970695970697,0.4489363386816384,68.2
sfari,2,2,GraphSAGE,63.91304347826087,31.958762886597935,64.58333333333334,42.758620689655174,0.6925366300366301,0.418106807363544,68.2
sfari,2,2,GAT-LR,59.56521739130435,28.57142857142857,62.5,39.21568627450981,0.6665521978021979,0.36507198092021187,68.2
sfari,2,4,Majority,79.13043478260869,0.0,0.0,0.0,0.5,0.20869565217391303,69.3
sfari,2,4,Degree,80.43478260869566,80.0,8.333333333333332,15.09433962264151,0.7332875457875456,0.5220676252523548,69.3
sfari,2,4,Eigenvector,80.8695652173913,75.0,12.5,21.428571428571427,0.7472527472527473,0.5289927553548642,69.3
sfari,2,4,SFARI reports (diagnostic),80.43478260869566,100.0,6.25,11.76470588235294,0.8711652930402929,0.7370379492162644,69.3
sfari,2,4,LogReg,73.47826086956522,39.682539682539684,52.083333333333336,45.04504504504504,0.7392399267399268,0.5309892877058436,69.3
sfari,2,4,RandomForest,72.60869565217392,35.84905660377358,39.58333333333333,37.62376237623762,0.6531593406593407,0.3816941829037057,69.3
sfari,2,4,MLP,79.13043478260869,50.0,14.583333333333334,22.58064516129032,0.6889880952380952,0.43562988885802345,69.3
sfari,2,4,GCN,65.21739130434783,35.96491228070175,85.41666666666666,50.617283950617285,0.8000228937728937,0.5505227809988296,69.3
sfari,2,4,GraphSAGE,71.73913043478261,39.75903614457831,68.75,50.38167938931297,0.7715201465201466,0.5216091537942098,69.3
sfari,2,4,GAT-LR,77.82608695652173,47.540983606557376,60.416666666666664,53.21100917431193,0.7892628205128205,0.5180841500158091,69.3
sfari,3,0,Majority,79.22077922077922,0.0,0.0,0.0,0.5,0.2077922077922078,71.2
sfari,3,0,Degree,79.65367965367966,53.333333333333336,16.666666666666664,25.396825396825395,0.6433287795992713,0.4090941199762914,71.2
sfari,3,0,Eigenvector,79.22077922077922,50.0,10.416666666666668,17.24137931034483,0.6572176684881603,0.38277127187893534,71.2
sfari,3,0,SFARI reports (diagnostic),80.51948051948052,80.0,8.333333333333332,15.09433962264151,0.8483606557377049,0.724620717491622,71.2
sfari,3,0,LogReg,68.3982683982684,32.3943661971831,47.91666666666667,38.655462184873954,0.6523224043715847,0.3832489979031962,71.2
sfari,3,0,RandomForest,69.6969696969697,27.083333333333332,27.083333333333332,27.083333333333332,0.5695582877959927,0.29717043824446693,71.2
sfari,3,0,MLP,76.62337662337663,33.33333333333333,12.5,18.181818181818183,0.6104280510018214,0.3234654764528403,71.2
sfari,3,0,GCN,66.66666666666666,34.065934065934066,64.58333333333334,44.60431654676259,0.7181238615664844,0.3990343804172732,71.2
sfari,3,0,GraphSAGE,69.6969696969697,36.904761904761905,64.58333333333334,46.96969696969697,0.7252959927140255,0.455252876038047,71.2
sfari,3,0,GAT-LR,63.63636363636363,30.851063829787233,60.416666666666664,40.845070422535215,0.67566029143898,0.30937191349728027,71.2
sfari,3,1,Majority,79.56521739130434,0.0,0.0,0.0,0.5,0.20434782608695654,70.9
sfari,3,1,Degree,79.56521739130434,50.0,4.25531914893617,7.8431372549019605,0.6728868736193465,0.3864319061714302,70.9
sfari,3,1,Eigenvector,79.56521739130434,50.0,8.51063829787234,14.545454545454545,0.6765492384606441,0.36325060265234543,70.9
sfari,3,1,SFARI reports (diagnostic),81.73913043478261,100.0,10.638297872340425,19.230769230769234,0.7933961167306127,0.6950120378659218,70.9
sfari,3,1,LogReg,71.73913043478261,35.0,44.680851063829785,39.25233644859813,0.6623648412975234,0.35328877700632505,70.9
sfari,3,1,RandomForest,70.0,27.083333333333332,27.659574468085108,27.368421052631582,0.5960353447273573,0.309345456419837,70.9
sfari,3,1,MLP,79.13043478260869,47.05882352941176,17.02127659574468,25.0,0.5980699918614114,0.30693192877688835,70.9
sfari,3,1,GCN,68.69565217391305,35.95505617977528,68.08510638297872,47.05882352941176,0.7194512266015579,0.35432453431452576,70.9
sfari,3,1,GraphSAGE,63.47826086956522,31.313131313131315,65.95744680851064,42.465753424657535,0.6882920590628997,0.4003208451447926,70.9
sfari,3,1,GAT-LR,59.56521739130435,31.451612903225808,82.97872340425532,45.614035087719294,0.6846878269968609,0.30267182781906515,70.9
sfari,3,3,Majority,79.13043478260869,0.0,0.0,0.0,0.5,0.20869565217391303,70.1
sfari,3,3,Degree,80.43478260869566,71.42857142857143,10.416666666666668,18.181818181818183,0.7479967948717948,0.491646760823215,70.1
sfari,3,3,Eigenvector,83.04347826086956,84.61538461538461,22.916666666666664,36.0655737704918,0.7560668498168498,0.5153644452622131,70.1
sfari,3,3,SFARI reports (diagnostic),83.04347826086956,100.0,18.75,31.57894736842105,0.8645260989010989,0.7564859339550566,70.1
sfari,3,3,LogReg,70.43478260869566,36.11111111111111,54.166666666666664,43.333333333333336,0.7532051282051282,0.5043489373178539,70.1
sfari,3,3,RandomForest,76.08695652173914,43.859649122807014,52.083333333333336,47.61904761904761,0.7352907509157509,0.4557463899060089,70.1
sfari,3,3,MLP,78.69565217391305,46.666666666666664,14.583333333333334,22.22222222222222,0.6934523809523808,0.4344009496581515,70.1
sfari,3,3,GCN,56.086956521739125,30.075187969924812,83.33333333333334,44.19889502762431,0.7505723443223443,0.44986200672472065,70.1
sfari,3,3,GraphSAGE,70.0,39.39393939393939,81.25,53.06122448979592,0.8020833333333334,0.5458188780159616,70.1
sfari,3,3,GAT-LR,71.73913043478261,38.666666666666664,60.416666666666664,47.15447154471545,0.7366071428571428,0.4474159520904558,70.1
sfari,3,4,Majority,79.13043478260869,0.0,0.0,0.0,0.5,0.20869565217391303,70.6
sfari,3,4,Degree,78.26086956521739,42.857142857142854,12.5,19.35483870967742,0.6907623626373625,0.3827520667808242,70.6
sfari,3,4,Eigenvector,78.69565217391305,47.82608695652174,22.916666666666664,30.985915492957744,0.7140567765567766,0.42487430786077385,70.6
sfari,3,4,SFARI reports (diagnostic),82.17391304347827,88.88888888888889,16.666666666666664,28.07017543859649,0.7603594322344323,0.5922203815541267,70.6
sfari,3,4,LogReg,71.30434782608695,35.9375,47.91666666666667,41.07142857142857,0.7023809523809523,0.40278105833467026,70.6
sfari,3,4,RandomForest,72.17391304347827,32.608695652173914,31.25,31.914893617021278,0.6086309523809523,0.31108679386010607,70.6
sfari,3,4,MLP,78.26086956521739,42.857142857142854,12.5,19.35483870967742,0.6415979853479854,0.3226089900099772,70.6
sfari,3,4,GCN,72.60869565217392,40.25974025974026,64.58333333333334,49.6,0.7458791208791209,0.4366128700659097,70.6
sfari,3,4,GraphSAGE,74.34782608695653,43.037974683544306,70.83333333333334,53.54330708661418,0.7670558608058609,0.4394575127770489,70.6
sfari,3,4,GAT-LR,63.04347826086957,32.38095238095238,70.83333333333334,44.44444444444444,0.7370650183150184,0.45664471606491513,70.6
sfari,4,0,Majority,79.22077922077922,0.0,0.0,0.0,0.5,0.2077922077922078,71.8
sfari,4,0,Degree,81.38528138528139,66.66666666666666,20.833333333333336,31.746031746031743,0.7074225865209471,0.46438303024738287,71.8
sfari,4,0,Eigenvector,80.95238095238095,66.66666666666666,16.666666666666664,26.666666666666668,0.711520947176685,0.46409575314212714,71.8
sfari,4,0,SFARI reports (diagnostic),80.08658008658008,100.0,4.166666666666666,8.0,0.8462545537340619,0.7489079063576393,71.8
sfari,4,0,LogReg,72.2943722943723,38.88888888888889,58.333333333333336,46.666666666666664,0.7117486338797815,0.4748008488861445,71.8
sfari,4,0,RandomForest,72.72727272727273,34.04255319148936,33.33333333333333,33.68421052631579,0.6147540983606558,0.3658064685626989,71.8
sfari,4,0,MLP,78.35497835497836,43.75,14.583333333333334,21.875,0.6435564663023678,0.3675836500191519,71.8
sfari,4,0,GCN,70.12987012987013,37.93103448275862,68.75,48.888888888888886,0.7355418943533697,0.44523204225474605,71.8
sfari,4,0,GraphSAGE,66.23376623376623,33.33333333333333,62.5,43.47826086956522,0.7134562841530054,0.46832842580462064,71.8
sfari,4,0,GAT-LR,64.93506493506493,31.03448275862069,56.25,40.0,0.6795309653916212,0.3303874740029077,71.8
sfari,3,2,Majority,79.13043478260869,0.0,0.0,0.0,0.5,0.20869565217391303,74.1
sfari,3,2,Degree,80.0,75.0,6.25,11.538461538461538,0.6287202380952381,0.4113413013188744,74.1
sfari,3,2,Eigenvector,78.69565217391305,33.33333333333333,2.083333333333333,3.9215686274509802,0.6660943223443223,0.39779057110368615,74.1
sfari,3,2,SFARI reports (diagnostic),80.0,100.0,4.166666666666666,8.0,0.7969322344322344,0.6751355753874897,74.1
sfari,3,2,LogReg,70.43478260869566,35.714285714285715,52.083333333333336,42.3728813559322,0.6472069597069597,0.40451868756416387,74.1
sfari,3,2,RandomForest,73.04347826086956,35.41666666666667,35.41666666666667,35.41666666666667,0.6177884615384616,0.33839854628264027,74.1
sfari,3,2,MLP,81.73913043478261,65.0,27.083333333333332,38.23529411764706,0.7048992673992673,0.44067489669290033,74.1
sfari,3,2,GCN,67.3913043478261,33.33333333333333,56.25,41.86046511627907,0.6762820512820513,0.3821597737182967,74.1
sfari,3,2,GraphSAGE,68.69565217391305,32.857142857142854,47.91666666666667,38.983050847457626,0.6686126373626373,0.3957674641221123,74.1
sfari,3,2,GAT-LR,72.60869565217392,39.130434782608695,56.25,46.15384615384615,0.6840659340659341,0.36344774122311657,74.1
sfari,4,1,Majority,79.56521739130434,0.0,0.0,0.0,0.5,0.20434782608695654,47.3
sfari,4,1,Degree,80.43478260869566,56.25,19.148936170212767,28.57142857142857,0.6057435181955586,0.3611334680139798,47.3
sfari,4,1,Eigenvector,79.56521739130434,50.0,12.76595744680851,20.33898305084746,0.6222532263690268,0.3457930770137691,47.3
sfari,4,1,SFARI reports (diagnostic),82.17391304347827,87.5,14.893617021276595,25.454545454545453,0.782234623880944,0.6120701110289749,47.3
sfari,4,1,LogReg,68.69565217391305,29.508196721311474,38.297872340425535,33.33333333333333,0.6109754679688408,0.34100777357949363,47.3
sfari,4,1,RandomForest,70.0,23.809523809523807,21.27659574468085,22.47191011235955,0.5636553889082665,0.28095603356660975,47.3
sfari,4,1,MLP,76.95652173913044,31.25,10.638297872340425,15.873015873015872,0.5571445180792931,0.2851204978156666,47.3
sfari,4,1,GCN,55.21739130434783,28.46153846153846,78.72340425531915,41.80790960451977,0.6913149633763517,0.3471745181243917,47.3
sfari,4,1,GraphSAGE,63.91304347826087,29.545454545454547,55.319148936170215,38.51851851851852,0.6646901523078712,0.37169146771839245,47.3
sfari,4,1,GAT-LR,57.391304347826086,28.57142857142857,72.3404255319149,40.963855421686745,0.674688989652366,0.3483145927903948,47.3
sfari,4,2,Majority,79.13043478260869,0.0,0.0,0.0,0.5,0.20869565217391303,46.6
sfari,4,2,Degree,80.0,75.0,6.25,11.538461538461538,0.6466918498168497,0.37758399682869304,46.6
sfari,4,2,Eigenvector,80.0,66.66666666666666,8.333333333333332,14.814814814814813,0.6794871794871794,0.41475589666468776,46.6
sfari,4,2,SFARI reports (diagnostic),80.0,100.0,4.166666666666666,8.0,0.7326007326007326,0.5852862934398023,46.6
sfari,4,2,LogReg,67.82608695652173,33.33333333333333,54.166666666666664,41.269841269841265,0.6370192307692308,0.3909094126002187,46.6
sfari,4,2,RandomForest,71.30434782608695,32.69230769230769,35.41666666666667,34.0,0.6174450549450551,0.36077166703452807,46.6
sfari,4,2,MLP,79.56521739130434,53.333333333333336,16.666666666666664,25.396825396825395,0.6146978021978021,0.39378000257065937,46.6
sfari,4,2,GCN,50.0,26.573426573426573,79.16666666666666,39.79057591623037,0.7099358974358975,0.3979750049828803,46.6
sfari,4,2,GraphSAGE,70.0,36.36363636363637,58.333333333333336,44.800000000000004,0.6910485347985348,0.44003019530961873,46.6
sfari,4,2,GAT-LR,77.39130434782608,46.0,47.91666666666667,46.93877551020408,0.6808608058608059,0.41203560726438465,46.6
sfari,4,3,Majority,79.13043478260869,0.0,0.0,0.0,0.5,0.20869565217391303,46.6
sfari,4,3,Degree,80.0,75.0,6.25,11.538461538461538,0.7239583333333334,0.4338330606225028,46.6
sfari,4,3,Eigenvector,79.56521739130434,55.55555555555556,10.416666666666668,17.543859649122805,0.7285943223443223,0.4219584494051532,46.6
sfari,4,3,SFARI reports (diagnostic),80.0,75.0,6.25,11.538461538461538,0.9183836996336996,0.7742084643956353,46.6
sfari,4,3,LogReg,74.78260869565217,41.37931034482759,50.0,45.28301886792453,0.7293956043956045,0.42405061466968147,46.6
sfari,4,3,RandomForest,73.47826086956522,37.254901960784316,39.58333333333333,38.38383838383838,0.6335851648351648,0.3571976313338314,46.6
sfari,4,3,MLP,78.26086956521739,45.83333333333333,22.916666666666664,30.555555555555557,0.6229395604395604,0.3477056748753217,46.6
sfari,4,3,GCN,69.56521739130434,35.8974358974359,58.333333333333336,44.44444444444444,0.7377518315018314,0.40406306349944365,46.6
sfari,4,3,GraphSAGE,68.26086956521739,31.88405797101449,45.83333333333333,37.60683760683761,0.677312271062271,0.38319977902755303,46.6
sfari,4,3,GAT-LR,63.91304347826087,31.57894736842105,62.5,41.95804195804196,0.6806318681318682,0.36403476149773323,46.6
sfari,4,4,Majority,79.13043478260869,0.0,0.0,0.0,0.5,0.20869565217391303,45.2
sfari,4,4,Degree,80.8695652173913,75.0,12.5,21.428571428571427,0.6951121794871795,0.45920373143512055,45.2
sfari,4,4,Eigenvector,79.56521739130434,52.38095238095239,22.916666666666664,31.88405797101449,0.7198946886446888,0.4374267209440223,45.2
sfari,4,4,SFARI reports (diagnostic),83.91304347826087,100.0,22.916666666666664,37.28813559322034,0.7766140109890111,0.6978730748595986,45.2
sfari,4,4,LogReg,70.43478260869566,36.486486486486484,56.25,44.26229508196721,0.7028388278388279,0.43286851035795504,45.2
sfari,4,4,RandomForest,74.78260869565217,35.294117647058826,25.0,29.268292682926827,0.6762820512820513,0.36535230739516067,45.2
sfari,4,4,MLP,82.17391304347827,76.92307692307693,20.833333333333336,32.78688524590164,0.7332875457875457,0.4863887949145844,45.2
sfari,4,4,GCN,68.26086956521739,37.37373737373738,77.08333333333334,50.34013605442177,0.7581272893772893,0.43270673649998104,45.2
sfari,4,4,GraphSAGE,68.69565217391305,36.36363636363637,66.66666666666666,47.05882352941176,0.7458791208791209,0.4807726526271672,45.2
sfari,4,4,GAT-LR,67.82608695652173,33.75,56.25,42.1875,0.7416437728937728,0.45163043916691836,45.2
