experiment,T,pctl,rep,fold,test_positive_rate,model,accuracy,precision,recall,f1,roc_auc,pr_auc,task_seconds
horizon,1,75,0,0,0.24899598393574296,Majority,75.1004016064257,0.0,0.0,0.0,0.5,0.24899598393574296,100.6
horizon,1,75,0,0,0.24899598393574296,Degree,77.10843373493977,100.0,8.064516129032258,14.925373134328357,0.9993099879247886,0.9973198838987247,100.6
horizon,1,75,0,0,0.24899598393574296,Eigenvector,77.91164658634538,100.0,11.29032258064516,20.28985507246377,0.9826634466103157,0.9498380207713246,100.6
horizon,1,75,0,0,0.24899598393574296,LogReg,96.78714859437751,88.57142857142857,100.0,93.93939393939394,0.9989649818871831,0.9969618225851278,100.6
horizon,1,75,0,0,0.24899598393574296,RandomForest,98.39357429718876,95.3125,98.38709677419355,96.82539682539682,0.9987924788683802,0.9966543334466272,100.6
horizon,1,75,0,0,0.24899598393574296,MLP,97.99196787148594,93.84615384615384,98.38709677419355,96.06299212598425,0.9993962394341901,0.998316704413295,100.6
horizon,1,75,0,0,0.24899598393574296,GCN,83.13253012048193,60.86956521739131,90.32258064516128,72.72727272727273,0.9597205451095394,0.8944183678507449,100.6
horizon,1,75,0,0,0.24899598393574296,GraphSAGE,97.99196787148594,93.84615384615384,98.38709677419355,96.06299212598425,0.9993962394341901,0.998316704413295,100.6
horizon,1,75,0,0,0.24899598393574296,GAT-LR,92.7710843373494,77.5,100.0,87.32394366197182,0.9610143177505607,0.8007637281038973,100.6
horizon,1,75,0,1,0.24899598393574296,Majority,75.1004016064257,0.0,0.0,0.0,0.5,0.24899598393574296,101.1
horizon,1,75,0,1,0.24899598393574296,Degree,77.91164658634538,100.0,11.29032258064516,20.28985507246377,0.9994824909435914,0.9977722753360692,101.1
horizon,1,75,0,1,0.24899598393574296,Eigenvector,78.714859437751,100.0,14.516129032258066,25.352112676056336,0.9899948249094359,0.9737174486232596,101.1
horizon,1,75,0,1,0.24899598393574296,LogReg,98.39357429718876,96.7741935483871,96.7741935483871,96.7741935483871,0.9987924788683802,0.9966543334466271,101.1
horizon,1,75,0,1,0.24899598393574296,RandomForest,99.19678714859438,98.38709677419355,98.38709677419355,98.38709677419355,0.9977574607555633,0.9951069227981153,101.1
horizon,1,75,0,1,0.24899598393574296,MLP,98.79518072289156,100.0,95.16129032258065,97.52066115702479,0.9997412454717958,0.9992555831265508,101.1
horizon,1,75,0,1,0.24899598393574296,GCN,85.14056224899599,63.44086021505376,95.16129032258065,76.12903225806451,0.980420907365879,0.9658625003251458,101.1
horizon,1,75,0,1,0.24899598393574296,GraphSAGE,99.19678714859438,98.38709677419355,98.38709677419355,98.38709677419355,0.9999137484905986,0.9997439836149513,101.1
horizon,1,75,0,1,0.24899598393574296,GAT-LR,97.18875502008032,93.65079365079364,95.16129032258065,94.39999999999999,0.9872347766085907,0.9617404642033051,101.1
horizon,1,75,0,4,0.24899598393574296,Majority,75.1004016064257,0.0,0.0,0.0,0.5,0.24899598393574296,99.3
horizon,1,75,0,4,0.24899598393574296,Degree,79.11646586345381,100.0,16.129032258064516,27.77777777777778,0.9998274969811972,0.9989919354838709,99.3
horizon,1,75,0,4,0.24899598393574296,Eigenvector,80.32128514056225,100.0,20.967741935483872,34.66666666666667,0.9810246679316887,0.9480868606955396,99.3
horizon,1,75,0,4,0.24899598393574296,LogReg,96.78714859437751,89.70588235294117,98.38709677419355,93.84615384615384,0.9981887183025703,0.9949389588879558,99.3
horizon,1,75,0,4,0.24899598393574296,RandomForest,99.19678714859438,96.875,100.0,98.4126984126984,0.9996549939623943,0.9989839349718381,99.3
horizon,1,75,0,4,0.24899598393574296,MLP,98.79518072289156,98.36065573770492,96.7741935483871,97.5609756097561,0.9998274969811971,0.9994838379333697,99.3
horizon,1,75,0,4,0.24899598393574296,GCN,82.32931726907631,59.375,91.93548387096774,72.15189873417721,0.9641193720890116,0.9372211513779664,99.3
horizon,1,75,0,4,0.24899598393574296,GraphSAGE,99.19678714859438,96.875,100.0,98.4126984126984,0.9997412454717958,0.9992358220603539,99.3
horizon,1,75,0,4,0.24899598393574296,GAT-LR,95.58232931726907,86.95652173913044,96.7741935483871,91.6030534351145,0.9911160945316543,0.9741364779108697,99.3
horizon,1,75,0,2,0.24899598393574296,Majority,75.1004016064257,0.0,0.0,0.0,0.5,0.24899598393574296,101.6
horizon,1,75,0,2,0.24899598393574296,Degree,79.51807228915662,100.0,17.741935483870968,30.136986301369863,1.0,1.0,101.6
horizon,1,75,0,2,0.24899598393574296,Eigenvector,77.91164658634538,100.0,11.29032258064516,20.28985507246377,0.9857685009487666,0.9609215181251082,101.6
horizon,1,75,0,2,0.24899598393574296,LogReg,98.39357429718876,93.93939393939394,100.0,96.875,0.9996549939623943,0.9989506103641823,101.6
horizon,1,75,0,2,0.24899598393574296,RandomForest,99.59839357429718,98.4126984126984,100.0,99.2,1.0,1.0,101.6
horizon,1,75,0,2,0.24899598393574296,MLP,99.59839357429718,98.4126984126984,100.0,99.2,1.0,1.0,101.6
horizon,1,75,0,2,0.24899598393574296,GCN,85.54216867469879,63.541666666666664,98.38709677419355,77.21518987341773,0.9841297222701397,0.9606373248627823,101.6
horizon,1,75,0,2,0.24899598393574296,GraphSAGE,99.19678714859438,96.875,100.0,98.4126984126984,0.9994824909435914,0.9984292210630636,101.6
horizon,1,75,0,2,0.24899598393574296,GAT-LR,95.58232931726907,84.93150684931507,100.0,91.85185185185185,0.9892185613248232,0.9631968672579093,101.6
horizon,1,75,1,0,0.24899598393574296,Majority,75.1004016064257,0.0,0.0,0.0,0.5,0.24899598393574296,99.0
horizon,1,75,1,0,0.24899598393574296,Degree,77.51004016064257,100.0,9.67741935483871,17.647058823529413,0.9983612213213732,0.9938137436500479,99.0
horizon,1,75,1,0,0.24899598393574296,Eigenvector,79.91967871485943,100.0,19.35483870967742,32.432432432432435,0.9824909435915129,0.9519590227514378,99.0
horizon,1,75,1,0,0.24899598393574296,LogReg,97.18875502008032,91.04477611940298,98.38709677419355,94.57364341085271,0.997067448680352,0.9917791597622978,99.0
horizon,1,75,1,0,0.24899598393574296,RandomForest,97.18875502008032,92.3076923076923,96.7741935483871,94.48818897637796,0.996894945661549,0.9926399802448479,99.0
horizon,1,75,1,0,0.24899598393574296,MLP,98.39357429718876,96.7741935483871,96.7741935483871,96.7741935483871,0.9990512333965844,0.9973184610258391,99.0
horizon,1,75,1,0,0.24899598393574296,GCN,85.94377510040161,64.83516483516483,95.16129032258065,77.12418300653596,0.970243229256512,0.9293312782351707,99.0
horizon,1,75,1,0,0.24899598393574296,GraphSAGE,97.59036144578313,92.42424242424242,98.38709677419355,95.3125,0.9984474728307745,0.9954836616828585,99.0
horizon,1,75,1,0,0.24899598393574296,GAT-LR,93.97590361445783,82.1917808219178,96.7741935483871,88.88888888888889,0.9809384164222874,0.9116413014687271,99.0
horizon,1,75,0,3,0.24899598393574296,Majority,75.1004016064257,0.0,0.0,0.0,0.5,0.24899598393574296,102.2
horizon,1,75,0,3,0.24899598393574296,Degree,76.30522088353415,100.0,4.838709677419355,9.230769230769232,0.9987924788683801,0.995233436116382,102.2
horizon,1,75,0,3,0.24899598393574296,Eigenvector,78.714859437751,100.0,14.516129032258066,25.352112676056336,0.9817146800069001,0.9497549305063815,102.2
horizon,1,75,0,3,0.24899598393574296,LogReg,98.39357429718876,95.3125,98.38709677419355,96.82539682539682,0.9981024667931688,0.9942575636056341,102.2
horizon,1,75,0,3,0.24899598393574296,RandomForest,98.79518072289156,96.82539682539682,98.38709677419355,97.6,0.9988787303777816,0.9966100569987099,102.2
horizon,1,75,0,3,0.24899598393574296,MLP,97.99196787148594,95.23809523809523,96.7741935483871,96.0,0.9988787303777816,0.9966282427106226,102.2
horizon,1,75,0,3,0.24899598393574296,GCN,83.93574297188755,61.224489795918366,96.7741935483871,75.0,0.9586855269967225,0.9002732424392814,102.2
horizon,1,75,0,3,0.24899598393574296,GraphSAGE,98.39357429718876,96.7741935483871,96.7741935483871,96.7741935483871,0.9990512333965844,0.997217322413418,102.2
horizon,1,75,0,3,0.24899598393574296,GAT-LR,95.98393574297188,87.14285714285714,98.38709677419355,92.42424242424242,0.9843022252889426,0.9316273887784913,102.2
horizon,1,75,1,1,0.24899598393574296,Majority,75.1004016064257,0.0,0.0,0.0,0.5,0.24899598393574296,91.2
horizon,1,75,1,1,0.24899598393574296,Degree,76.30522088353415,100.0,4.838709677419355,9.230769230769232,0.9996118682076935,0.9982315175863563,91.2
horizon,1,75,1,1,0.24899598393574296,Eigenvector,77.10843373493977,100.0,8.064516129032258,14.925373134328357,0.98231844057271,0.9564873784867849,91.2
horizon,1,75,1,1,0.24899598393574296,LogReg,99.19678714859438,96.875,100.0,98.4126984126984,0.9993962394341901,0.9981773339745479,91.2
horizon,1,75,1,1,0.24899598393574296,RandomForest,99.19678714859438,96.875,100.0,98.4126984126984,0.9988787303777817,0.9963215990094135,91.2
horizon,1,75,1,1,0.24899598393574296,MLP,99.19678714859438,96.875,100.0,98.4126984126984,0.9996549939623943,0.9989839349718381,91.2
horizon,1,75,1,1,0.24899598393574296,GCN,73.09236947791165,47.96747967479675,95.16129032258065,63.78378378378379,0.9291875107814387,0.8490873175760913,91.2
horizon,1,75,1,1,0.24899598393574296,GraphSAGE,99.19678714859438,96.875,100.0,98.4126984126984,0.9996549939623943,0.9989839349718381,91.2
horizon,1,75,1,1,0.24899598393574296,GAT-LR,98.79518072289156,95.38461538461539,100.0,97.63779527559055,0.9997412454717958,0.9992194275684834,91.2
horizon,1,75,1,2,0.24899598393574296,Majority,75.1004016064257,0.0,0.0,0.0,0.5,0.24899598393574296,90.9
horizon,1,75,1,2,0.24899598393574296,Degree,76.70682730923694,100.0,6.451612903225806,12.121212121212121,0.9992237364153873,0.9962609970674486,90.9
horizon,1,75,1,2,0.24899598393574296,Eigenvector,77.10843373493977,100.0,8.064516129032258,14.925373134328357,0.9852509918923581,0.9522677818070112,90.9
horizon,1,75,1,2,0.24899598393574296,LogReg,97.59036144578313,91.17647058823529,100.0,95.38461538461539,0.9976712092461618,0.9930638335636244,90.9
horizon,1,75,1,2,0.24899598393574296,RandomForest,98.79518072289156,95.38461538461539,100.0,97.63779527559055,0.9995687424529929,0.9986772369360795,90.9
horizon,1,75,1,2,0.24899598393574296,MLP,97.99196787148594,96.72131147540983,95.16129032258065,95.9349593495935,0.9990512333965845,0.9971770492184153,90.9
horizon,1,75,1,2,0.24899598393574296,GCN,85.14056224899599,63.73626373626373,93.54838709677419,75.81699346405229,0.9617905813351734,0.9162093942432623,90.9
horizon,1,75,1,2,0.24899598393574296,GraphSAGE,98.39357429718876,95.3125,98.38709677419355,96.82539682539682,0.999568742452993,0.9987310270800828,90.9
horizon,1,75,1,2,0.24899598393574296,GAT-LR,97.99196787148594,98.30508474576271,93.54838709677419,95.86776859504133,0.9941348973607038,0.9851996844467272,90.9
horizon,1,75,1,4,0.24899598393574296,Majority,75.1004016064257,0.0,0.0,0.0,0.5,0.24899598393574296,90.6
horizon,1,75,1,4,0.24899598393574296,Degree,79.51807228915662,100.0,17.741935483870968,30.136986301369863,1.0,1.0,90.6
horizon,1,75,1,4,0.24899598393574296,Eigenvector,79.51807228915662,100.0,17.741935483870968,30.136986301369863,0.9880972917026047,0.9657324445224456,90.6
horizon,1,75,1,4,0.24899598393574296,LogReg,96.78714859437751,89.70588235294117,98.38709677419355,93.84615384615384,0.9993962394341901,0.9983637213651239,90.6
horizon,1,75,1,4,0.24899598393574296,RandomForest,99.59839357429718,100.0,98.38709677419355,99.1869918699187,0.9993962394341902,0.9983637213651239,90.6
horizon,1,75,1,4,0.24899598393574296,MLP,99.19678714859438,100.0,96.7741935483871,98.36065573770492,0.9998274969811971,0.9994959677419355,90.6
horizon,1,75,1,4,0.24899598393574296,GCN,70.68273092369478,45.80152671755725,96.7741935483871,62.17616580310881,0.954027945489046,0.8992984709147609,90.6
horizon,1,75,1,4,0.24899598393574296,GraphSAGE,99.19678714859438,100.0,96.7741935483871,98.36065573770492,0.9995687424529929,0.9987963408762638,90.6
horizon,1,75,1,4,0.24899598393574296,GAT-LR,97.59036144578313,93.75,96.7741935483871,95.23809523809523,0.9993099879247888,0.9980299270621851,90.6
horizon,1,75,1,3,0.24899598393574296,Majority,75.1004016064257,0.0,0.0,0.0,0.5,0.24899598393574296,91.2
horizon,1,75,1,3,0.24899598393574296,Degree,81.12449799196787,100.0,24.193548387096776,38.961038961038966,1.0,1.0,91.2
horizon,1,75,1,3,0.24899598393574296,Eigenvector,82.73092369477911,100.0,30.64516129032258,46.913580246913575,0.9823184405727101,0.9508942595149932,91.2
horizon,1,75,1,3,0.24899598393574296,LogReg,97.59036144578313,93.75,96.7741935483871,95.23809523809523,0.9991374849059859,0.9974966994929977,91.2
horizon,1,75,1,3,0.24899598393574296,RandomForest,99.59839357429718,100.0,98.38709677419355,99.1869918699187,0.9998706227358979,0.9994959677419355,91.2
horizon,1,75,1,3,0.24899598393574296,MLP,99.19678714859438,100.0,96.7741935483871,98.36065573770492,1.0,1.0,91.2
horizon,1,75,1,3,0.24899598393574296,GCN,90.76305220883533,74.07407407407408,96.7741935483871,83.91608391608392,0.9865447645333794,0.9662292470754196,91.2
horizon,1,75,1,3,0.24899598393574296,GraphSAGE,99.19678714859438,98.38709677419355,98.38709677419355,98.38709677419355,0.9999137484905986,0.9997439836149513,91.2
horizon,1,75,1,3,0.24899598393574296,GAT-LR,95.58232931726907,84.93150684931507,100.0,91.85185185185185,0.9767983439710195,0.88014796503083,91.2
horizon,1,75,2,0,0.24899598393574296,Majority,75.1004016064257,0.0,0.0,0.0,0.5,0.24899598393574296,91.6
horizon,1,75,2,0,0.24899598393574296,Degree,76.30522088353415,100.0,4.838709677419355,9.230769230769232,1.0,0.9999999999999999,91.6
horizon,1,75,2,0,0.24899598393574296,Eigenvector,78.3132530120482,100.0,12.903225806451612,22.857142857142858,0.9886148007590133,0.9716336068914322,91.6
horizon,1,75,2,0,0.24899598393574296,LogReg,99.19678714859438,96.875,100.0,98.4126984126984,0.9999137484905986,0.9997439836149513,91.6
horizon,1,75,2,0,0.24899598393574296,RandomForest,99.59839357429718,98.4126984126984,100.0,99.2,1.0,1.0,91.6
horizon,1,75,2,0,0.24899598393574296,MLP,99.59839357429718,98.4126984126984,100.0,99.2,1.0,1.0,91.6
horizon,1,75,2,0,0.24899598393574296,GCN,82.73092369477911,59.22330097087378,98.38709677419355,73.93939393939394,0.9888735552872175,0.9736753371811744,91.6
horizon,1,75,2,0,0.24899598393574296,GraphSAGE,97.99196787148594,92.53731343283582,100.0,96.12403100775194,1.0,1.0,91.6
horizon,1,75,2,0,0.24899598393574296,GAT-LR,95.98393574297188,87.14285714285714,98.38709677419355,92.42424242424242,0.9812834224598931,0.9215979408334432,91.6
horizon,1,75,2,1,0.24899598393574296,Majority,75.1004016064257,0.0,0.0,0.0,0.5,0.24899598393574296,93.4
horizon,1,75,2,1,0.24899598393574296,Degree,80.32128514056225,100.0,20.967741935483872,34.66666666666667,0.9994824909435915,0.9974535247935564,93.4
horizon,1,75,2,1,0.24899598393574296,Eigenvector,79.51807228915662,100.0,17.741935483870968,30.136986301369863,0.9836984647231327,0.9558312989068005,93.4
horizon,1,75,2,1,0.24899598393574296,LogReg,96.3855421686747,89.55223880597015,96.7741935483871,93.02325581395348,0.9970674486803519,0.9915806664108762,93.4
horizon,1,75,2,1,0.24899598393574296,RandomForest,98.39357429718876,93.93939393939394,100.0,96.875,0.9991374849059859,0.9974148469790939,93.4
horizon,1,75,2,1,0.24899598393574296,MLP,98.79518072289156,96.82539682539682,98.38709677419355,97.6,0.9993099879247888,0.9979557362145788,93.4
horizon,1,75,2,1,0.24899598393574296,GCN,75.50200803212851,50.42016806722689,96.7741935483871,66.29834254143645,0.9228911505951354,0.8290123060459674,93.4
horizon,1,75,2,1,0.24899598393574296,GraphSAGE,98.39357429718876,93.93939393939394,100.0,96.875,0.9993099879247888,0.9979369493591634,93.4
horizon,1,75,2,1,0.24899598393574296,GAT-LR,95.98393574297188,87.14285714285714,98.38709677419355,92.42424242424242,0.9789546317060549,0.8990048357153312,93.4
horizon,1,75,2,2,0.24899598393574296,Majority,75.1004016064257,0.0,0.0,0.0,0.5,0.24899598393574296,82.8
horizon,1,75,2,2,0.24899598393574296,Degree,77.10843373493977,100.0,8.064516129032258,14.925373134328357,0.9996981197170951,0.9984751460818058,82.8
horizon,1,75,2,2,0.24899598393574296,Eigenvector,77.91164658634538,100.0,11.29032258064516,20.28985507246377,0.9821459375539072,0.9495712558933187,82.8
horizon,1,75,2,2,0.24899598393574296,LogReg,98.39357429718876,95.3125,98.38709677419355,96.82539682539682,0.9990512333965844,0.9975695978789217,82.8
horizon,1,75,2,2,0.24899598393574296,RandomForest,99.59839357429718,100.0,98.38709677419355,99.1869918699187,0.9980593410384682,0.9956356736242884,82.8
horizon,1,75,2,2,0.24899598393574296,MLP,98.79518072289156,100.0,95.16129032258065,97.52066115702479,0.9999137484905986,0.9997439836149513,82.8
horizon,1,75,2,2,0.24899598393574296,GCN,81.12449799196787,57.42574257425742,93.54838709677419,71.16564417177914,0.9697257202001035,0.9414752873458493,82.8
horizon,1,75,2,2,0.24899598393574296,GraphSAGE,98.79518072289156,98.36065573770492,96.7741935483871,97.5609756097561,0.999568742452993,0.9987435503564535,82.8
horizon,1,75,2,2,0.24899598393574296,GAT-LR,98.39357429718876,98.33333333333333,95.16129032258065,96.72131147540983,0.99146110056926,0.987587980659312,82.8
horizon,1,75,2,3,0.24899598393574296,Majority,75.1004016064257,0.0,0.0,0.0,0.5,0.24899598393574296,80.2
horizon,1,75,2,3,0.24899598393574296,Degree,77.91164658634538,100.0,11.29032258064516,20.28985507246377,0.9995256166982922,0.998040292489167,80.2
horizon,1,75,2,3,0.24899598393574296,Eigenvector,76.70682730923694,100.0,6.451612903225806,12.121212121212121,0.9805071588752803,0.9377473269875082,80.2
horizon,1,75,2,3,0.24899598393574296,LogReg,97.59036144578313,91.17647058823529,100.0,95.38461538461539,0.9982749698119717,0.9949264791481324,80.2
horizon,1,75,2,3,0.24899598393574296,RandomForest,98.39357429718876,95.3125,98.38709677419355,96.82539682539682,0.9990512333965844,0.9973005103446165,80.2
horizon,1,75,2,3,0.24899598393574296,MLP,98.39357429718876,95.3125,98.38709677419355,96.82539682539682,0.9993099879247888,0.9979901587601898,80.2
horizon,1,75,2,3,0.24899598393574296,GCN,84.33734939759037,61.61616161616161,98.38709677419355,75.77639751552795,0.9805934103846816,0.9542882419483792,80.2
horizon,1,75,2,3,0.24899598393574296,GraphSAGE,98.39357429718876,93.93939393939394,100.0,96.875,0.9993099879247888,0.9979544417889892,80.2
horizon,1,75,2,3,0.24899598393574296,GAT-LR,98.39357429718876,93.93939393939394,100.0,96.875,0.9962911850957392,0.9836440293933187,80.2
horizon,3,75,0,0,0.24899598393574296,Majority,75.1004016064257,0.0,0.0,0.0,0.5,0.24899598393574296,78.5
horizon,3,75,0,0,0.24899598393574296,Degree,79.51807228915662,100.0,17.741935483870968,30.136986301369863,0.9973693289632569,0.9914754366134801,78.5
horizon,3,75,0,0,0.24899598393574296,Eigenvector,77.91164658634538,100.0,11.29032258064516,20.28985507246377,0.9956874245299292,0.9884128592005917,78.5
horizon,3,75,0,0,0.24899598393574296,LogReg,99.19678714859438,96.875,100.0,98.4126984126984,1.0,1.0,78.5
horizon,3,75,0,0,0.24899598393574296,RandomForest,99.19678714859438,96.875,100.0,98.4126984126984,0.9999137484905987,0.9997439836149513,78.5
horizon,3,75,0,0,0.24899598393574296,MLP,100.0,100.0,100.0,100.0,1.0,1.0,78.5
horizon,3,75,0,0,0.24899598393574296,GCN,87.14859437751004,67.85714285714286,91.93548387096774,78.08219178082192,0.9673969294462653,0.932783192214381,78.5
horizon,3,75,0,0,0.24899598393574296,GraphSAGE,99.59839357429718,98.4126984126984,100.0,99.2,0.9998274969811971,0.9994838379333697,78.5
horizon,3,75,0,0,0.24899598393574296,GAT-LR,98.79518072289156,96.82539682539682,98.38709677419355,97.6,0.9982749698119718,0.9947181731646929,78.5
horizon,3,75,0,1,0.24899598393574296,Majority,75.1004016064257,0.0,0.0,0.0,0.5,0.24899598393574296,78.5
horizon,3,75,0,1,0.24899598393574296,Degree,77.91164658634538,100.0,11.29032258064516,20.28985507246377,0.993660514058996,0.9804744977332832,78.5
horizon,3,75,0,1,0.24899598393574296,Eigenvector,79.11646586345381,100.0,16.129032258064516,27.77777777777778,0.9906848369846473,0.9704510229847129,78.5
horizon,3,75,0,1,0.24899598393574296,LogReg,96.78714859437751,88.57142857142857,100.0,93.93939393939394,0.998533724340176,0.9956306012391907,78.5
horizon,3,75,0,1,0.24899598393574296,RandomForest,97.18875502008032,91.04477611940298,98.38709677419355,94.57364341085271,0.997929963774366,0.9940269781437806,78.5
horizon,3,75,0,1,0.24899598393574296,MLP,97.99196787148594,95.23809523809523,96.7741935483871,96.0,0.998533724340176,0.9959191204833673,78.5
horizon,3,75,0,1,0.24899598393574296,GCN,85.14056224899599,62.88659793814433,98.38709677419355,76.72955974842768,0.9778333620838364,0.9487843776074364,78.5
horizon,3,75,0,1,0.24899598393574296,GraphSAGE,98.79518072289156,95.38461538461539,100.0,97.63779527559055,0.9993099879247886,0.997921452976271,78.5
horizon,3,75,0,1,0.24899598393574296,GAT-LR,95.98393574297188,87.14285714285714,98.38709677419355,92.42424242424242,0.9836122132137313,0.9316727248819645,78.5
horizon,1,75,2,4,0.24899598393574296,Majority,75.1004016064257,0.0,0.0,0.0,0.5,0.24899598393574296,80.1
horizon,1,75,2,4,0.24899598393574296,Degree,79.91967871485943,100.0,19.35483870967742,32.432432432432435,0.9990943591512851,0.9965359325909104,80.1
horizon,1,75,2,4,0.24899598393574296,Eigenvector,80.32128514056225,100.0,20.967741935483872,34.66666666666667,0.9853372434017595,0.9612428453221743,80.1
horizon,1,75,2,4,0.24899598393574296,LogReg,97.99196787148594,93.84615384615384,98.38709677419355,96.06299212598425,0.9981887183025703,0.9948165145278167,80.1
horizon,1,75,2,4,0.24899598393574296,RandomForest,98.79518072289156,96.82539682539682,98.38709677419355,97.6,0.9987062273589788,0.9962511163109178,80.1
horizon,1,75,2,4,0.24899598393574296,MLP,98.39357429718876,96.7741935483871,96.7741935483871,96.7741935483871,0.9987062273589788,0.9961329411486103,80.1
horizon,1,75,2,4,0.24899598393574296,GCN,70.68273092369478,45.80152671755725,96.7741935483871,62.17616580310881,0.9741245471795756,0.9503156925129934,80.1
horizon,1,75,2,4,0.24899598393574296,GraphSAGE,98.39357429718876,98.33333333333333,95.16129032258065,96.72131147540983,0.9978437122649646,0.9939882076850325,80.1
horizon,1,75,2,4,0.24899598393574296,GAT-LR,98.39357429718876,96.7741935483871,96.7741935483871,96.7741935483871,0.9973262032085561,0.9937019969278034,80.1
horizon,3,75,0,2,0.24899598393574296,Majority,75.1004016064257,0.0,0.0,0.0,0.5,0.24899598393574296,80.0
horizon,3,75,0,2,0.24899598393574296,Degree,81.52610441767068,100.0,25.806451612903224,41.02564102564102,0.9937467655683975,0.9814858142327375,80.0
horizon,3,75,0,2,0.24899598393574296,Eigenvector,81.52610441767068,100.0,25.806451612903224,41.02564102564102,0.9921511126444713,0.9746933602634023,80.0
horizon,3,75,0,2,0.24899598393574296,LogReg,97.18875502008032,91.04477611940298,98.38709677419355,94.57364341085271,0.9976712092461618,0.9932079470056613,80.0
horizon,3,75,0,2,0.24899598393574296,RandomForest,97.99196787148594,95.23809523809523,96.7741935483871,96.0,0.9981024667931688,0.9948026451899286,80.0
horizon,3,75,0,2,0.24899598393574296,MLP,97.59036144578313,92.42424242424242,98.38709677419355,95.3125,0.9981024667931688,0.9947277015736332,80.0
horizon,3,75,0,2,0.24899598393574296,GCN,89.1566265060241,70.11494252873564,98.38709677419355,81.87919463087249,0.9875797826461963,0.9674951811055584,80.0
horizon,3,75,0,2,0.24899598393574296,GraphSAGE,98.39357429718876,95.3125,98.38709677419355,96.82539682539682,0.9987062273589787,0.9962511163109178,80.0
horizon,3,75,0,2,0.24899598393574296,GAT-LR,95.18072289156626,84.72222222222221,98.38709677419355,91.04477611940298,0.9771433500086252,0.9142064160776745,80.0
horizon,3,75,0,3,0.24899598393574296,Majority,75.1004016064257,0.0,0.0,0.0,0.5,0.24899598393574296,82.0
horizon,3,75,0,3,0.24899598393574296,Degree,84.33734939759037,100.0,37.096774193548384,54.11764705882353,0.9824046920821115,0.9486267668726753,82.0
horizon,3,75,0,3,0.24899598393574296,Eigenvector,84.73895582329317,100.0,38.70967741935484,55.81395348837209,0.9862860100051751,0.9587705211598465,82.0
horizon,3,75,0,3,0.24899598393574296,LogReg,96.3855421686747,89.55223880597015,96.7741935483871,93.02325581395348,0.9967224426427462,0.9908647188017163,82.0
horizon,3,75,0,3,0.24899598393574296,RandomForest,95.58232931726907,91.80327868852459,90.32258064516128,91.05691056910568,0.9955149215111265,0.9869119944846344,82.0
horizon,3,75,0,3,0.24899598393574296,MLP,96.78714859437751,93.54838709677419,93.54838709677419,93.54838709677419,0.997498706227359,0.9928773188117735,82.0
horizon,3,75,0,3,0.24899598393574296,GCN,83.13253012048193,60.204081632653065,95.16129032258065,73.75,0.9585130239779196,0.8979249812347557,82.0
horizon,3,75,0,3,0.24899598393574296,GraphSAGE,97.59036144578313,92.42424242424242,98.38709677419355,95.3125,0.9958599275487321,0.986753229419246,82.0
horizon,3,75,0,3,0.24899598393574296,GAT-LR,93.57429718875501,80.26315789473685,98.38709677419355,88.40579710144928,0.9702432292565121,0.8622250671483392,82.0
horizon,3,75,0,4,0.25301204819277107,Majority,74.69879518072288,0.0,0.0,0.0,0.5,0.25301204819277107,79.3
horizon,3,75,0,4,0.25301204819277107,Degree,76.70682730923694,100.0,7.936507936507936,14.705882352941178,0.993215565796211,0.9799840374607856,79.3
horizon,3,75,0,4,0.25301204819277107,Eigenvector,79.11646586345381,100.0,17.46031746031746,29.72972972972973,0.9953063662741083,0.9858093446691646,79.3
horizon,3,75,0,4,0.25301204819277107,LogReg,97.99196787148594,93.93939393939394,98.4126984126984,96.12403100775194,0.9991466120498379,0.9975840359873085,79.3
horizon,3,75,0,4,0.25301204819277107,RandomForest,98.39357429718876,95.38461538461539,98.4126984126984,96.875,0.9985492404847244,0.9957018092807051,79.3
horizon,3,75,0,4,0.25301204819277107,MLP,98.79518072289156,98.38709677419355,96.82539682539682,97.6,0.9993172896398703,0.9980400957552646,79.3
horizon,3,75,0,4,0.25301204819277107,GCN,86.34538152610442,64.94845360824742,100.0,78.75,0.9915514592933947,0.9789853714984345,79.3
horizon,3,75,0,4,0.25301204819277107,GraphSAGE,97.99196787148594,96.7741935483871,95.23809523809523,96.0,0.9986345792797406,0.9962673342473649,79.3
horizon,3,75,0,4,0.25301204819277107,GAT-LR,97.18875502008032,92.42424242424242,96.82539682539682,94.57364341085271,0.9957330602491893,0.9883925570312486,79.3
horizon,3,75,1,2,0.24899598393574296,Majority,75.1004016064257,0.0,0.0,0.0,0.5,0.24899598393574296,79.2
horizon,3,75,1,2,0.24899598393574296,Degree,78.3132530120482,100.0,12.903225806451612,22.857142857142858,0.9924529929273762,0.9793281572553603,79.2
horizon,3,75,1,2,0.24899598393574296,Eigenvector,78.714859437751,100.0,14.516129032258066,25.352112676056336,0.9963774366051406,0.9888003348999931,79.2
horizon,3,75,1,2,0.24899598393574296,LogReg,98.39357429718876,95.3125,98.38709677419355,96.82539682539682,0.9992237364153873,0.997721341555889,79.2
horizon,3,75,1,2,0.24899598393574296,RandomForest,97.59036144578313,95.16129032258065,95.16129032258065,95.16129032258065,0.9987924788683802,0.9964935452574486,79.2
horizon,3,75,1,2,0.24899598393574296,MLP,97.99196787148594,96.72131147540983,95.16129032258065,95.9349593495935,0.9984474728307745,0.9958099664897845,79.2
horizon,3,75,1,2,0.24899598393574296,GCN,85.14056224899599,64.36781609195403,90.32258064516128,75.16778523489933,0.9569604968086942,0.9238863681075714,79.2
horizon,3,75,1,2,0.24899598393574296,GraphSAGE,99.19678714859438,98.38709677419355,98.38709677419355,98.38709677419355,0.9993962394341901,0.9981161846947978,79.2
horizon,3,75,1,2,0.24899598393574296,GAT-LR,79.51807228915662,100.0,17.741935483870968,30.136986301369863,0.9680006900120752,0.930499573061799,79.2
horizon,3,75,1,0,0.24899598393574296,Majority,75.1004016064257,0.0,0.0,0.0,0.5,0.24899598393574296,80.5
horizon,3,75,1,0,0.24899598393574296,Degree,78.714859437751,100.0,14.516129032258066,25.352112676056336,0.9969811971709505,0.9902065511698925,80.5
horizon,3,75,1,0,0.24899598393574296,Eigenvector,79.11646586345381,100.0,16.129032258064516,27.77777777777778,0.9970674486803519,0.9915041847973025,80.5
horizon,3,75,1,0,0.24899598393574296,LogReg,97.59036144578313,91.17647058823529,100.0,95.38461538461539,0.9997412454717957,0.9992358220603537,80.5
horizon,3,75,1,0,0.24899598393574296,RandomForest,98.39357429718876,93.93939393939394,100.0,96.875,0.9993099879247886,0.99799015876019,80.5
horizon,3,75,1,0,0.24899598393574296,MLP,98.79518072289156,96.82539682539682,98.38709677419355,97.6,0.9996549939623943,0.9989839349718381,80.5
horizon,3,75,1,0,0.24899598393574296,GCN,87.55020080321285,67.41573033707866,96.7741935483871,79.47019867549669,0.9767983439710195,0.9426810295347405,80.5
horizon,3,75,1,0,0.24899598393574296,GraphSAGE,97.99196787148594,92.53731343283582,100.0,96.12403100775194,0.9994824909435915,0.9985104501233533,80.5
horizon,3,75,1,0,0.24899598393574296,GAT-LR,94.37751004016064,82.43243243243244,98.38709677419355,89.70588235294117,0.9945661549077109,0.9860767223867978,80.5
horizon,3,75,1,1,0.24899598393574296,Majority,75.1004016064257,0.0,0.0,0.0,0.5,0.24899598393574296,80.9
horizon,3,75,1,1,0.24899598393574296,Degree,78.714859437751,100.0,14.516129032258066,25.352112676056336,0.9892185613248231,0.9669694301000411,80.9
horizon,3,75,1,1,0.24899598393574296,Eigenvector,79.11646586345381,100.0,16.129032258064516,27.77777777777778,0.987321028117992,0.9622228011595741,80.9
horizon,3,75,1,1,0.24899598393574296,LogReg,97.59036144578313,91.17647058823529,100.0,95.38461538461539,0.9980162152837675,0.9939532422422744,80.9
horizon,3,75,1,1,0.24899598393574296,RandomForest,96.78714859437751,90.9090909090909,96.7741935483871,93.75,0.9978005865102639,0.9939300496344946,80.9
horizon,3,75,1,1,0.24899598393574296,MLP,98.79518072289156,96.82539682539682,98.38709677419355,97.6,0.9991374849059859,0.9975315897555919,80.9
horizon,3,75,1,1,0.24899598393574296,GCN,76.70682730923694,51.75438596491229,95.16129032258065,67.04545454545455,0.9459203036053131,0.8741430748403447,80.9
horizon,3,75,1,1,0.24899598393574296,GraphSAGE,98.39357429718876,96.7741935483871,96.7741935483871,96.7741935483871,0.998964981887183,0.9970146764775338,80.9
horizon,3,75,1,1,0.24899598393574296,GAT-LR,97.18875502008032,89.85507246376811,100.0,94.65648854961832,0.9950836639641193,0.9825639690326295,80.9
horizon,3,75,1,3,0.24899598393574296,Majority,75.1004016064257,0.0,0.0,0.0,0.5,0.24899598393574296,80.7
horizon,3,75,1,3,0.24899598393574296,Degree,75.90361445783132,100.0,3.225806451612903,6.25,0.9910298430222528,0.9731108259389029,80.7
horizon,3,75,1,3,0.24899598393574296,Eigenvector,77.51004016064257,100.0,9.67741935483871,17.647058823529413,0.9936173883042952,0.981081995886116,80.7
horizon,3,75,1,3,0.24899598393574296,LogReg,97.18875502008032,92.3076923076923,96.7741935483871,94.48818897637796,0.9983612213213732,0.9954532724872773,80.7
horizon,3,75,1,3,0.24899598393574296,RandomForest,97.59036144578313,95.16129032258065,95.16129032258065,95.16129032258065,0.9978868380196655,0.9936612396184243,80.7
horizon,3,75,1,3,0.24899598393574296,MLP,98.79518072289156,98.36065573770492,96.7741935483871,97.5609756097561,0.9981887183025703,0.995014827314487,80.7
horizon,3,75,1,3,0.24899598393574296,GCN,91.16465863453816,76.31578947368422,93.54838709677419,84.05797101449275,0.9855959979299638,0.9643360538304788,80.7
horizon,3,75,1,3,0.24899598393574296,GraphSAGE,98.39357429718876,95.3125,98.38709677419355,96.82539682539682,0.9992237364153873,0.9977461431431904,80.7
horizon,3,75,1,3,0.24899598393574296,GAT-LR,95.98393574297188,88.23529411764706,96.7741935483871,92.3076923076923,0.9850784888735553,0.9495184256363665,80.7
horizon,3,75,1,4,0.25301204819277107,Majority,74.69879518072288,0.0,0.0,0.0,0.5,0.25301204819277107,79.2
horizon,3,75,1,4,0.25301204819277107,Degree,81.52610441767068,100.0,26.984126984126984,42.5,0.9914661204983786,0.9748536070067391,79.2
horizon,3,75,1,4,0.25301204819277107,Eigenvector,81.52610441767068,100.0,26.984126984126984,42.5,0.9877965523126813,0.9625770160119125,79.2
horizon,3,75,1,4,0.25301204819277107,LogReg,96.78714859437751,89.85507246376811,98.4126984126984,93.93939393939394,0.9976958525345623,0.9932385289174143,79.2
horizon,3,75,1,4,0.25301204819277107,RandomForest,97.99196787148594,92.64705882352942,100.0,96.18320610687023,0.9979518689196109,0.9936310557157803,79.2
horizon,3,75,1,4,0.25301204819277107,MLP,97.99196787148594,96.7741935483871,95.23809523809523,96.0,0.997610513739546,0.9929810360512579,79.2
horizon,3,75,1,4,0.25301204819277107,GCN,78.3132530120482,53.84615384615385,100.0,70.0,0.955794504181601,0.8830796611677202,79.2
horizon,3,75,1,4,0.25301204819277107,GraphSAGE,97.99196787148594,95.3125,96.82539682539682,96.06299212598425,0.9985492404847244,0.9959075146765042,79.2
horizon,3,75,1,4,0.25301204819277107,GAT-LR,95.18072289156626,86.95652173913044,95.23809523809523,90.9090909090909,0.9775558969107356,0.9098275318024406,79.2
horizon,3,75,2,0,0.24899598393574296,Majority,75.1004016064257,0.0,0.0,0.0,0.5,0.24899598393574296,79.6
horizon,3,75,2,0,0.24899598393574296,Degree,80.32128514056225,100.0,20.967741935483872,34.66666666666667,0.9913317233051577,0.9718849433665746,79.6
horizon,3,75,2,0,0.24899598393574296,Eigenvector,78.714859437751,100.0,14.516129032258066,25.352112676056336,0.9874935311367948,0.9612671661942603,79.6
horizon,3,75,2,0,0.24899598393574296,LogReg,97.59036144578313,91.17647058823529,100.0,95.38461538461539,0.998964981887183,0.9970157052318434,79.6
horizon,3,75,2,0,0.24899598393574296,RandomForest,96.78714859437751,90.9090909090909,96.7741935483871,93.75,0.9974124547179576,0.992870043094368,79.6
horizon,3,75,2,0,0.24899598393574296,MLP,97.59036144578313,95.16129032258065,95.16129032258065,95.16129032258065,0.9981887183025704,0.9948224089018343,79.6
horizon,3,75,2,0,0.24899598393574296,GCN,85.54216867469879,64.13043478260869,95.16129032258065,76.62337662337663,0.9680869415214767,0.9205663310259806,79.6
horizon,3,75,2,0,0.24899598393574296,GraphSAGE,98.39357429718876,95.3125,98.38709677419355,96.82539682539682,0.9974124547179576,0.9912208792137629,79.6
horizon,3,75,2,0,0.24899598393574296,GAT-LR,96.3855421686747,88.40579710144928,98.38709677419355,93.12977099236642,0.9899085734000345,0.9659886195908397,79.6
horizon,3,75,2,1,0.24899598393574296,Majority,75.1004016064257,0.0,0.0,0.0,0.5,0.24899598393574296,77.7
horizon,3,75,2,1,0.24899598393574296,Degree,80.72289156626506,100.0,22.58064516129032,36.84210526315789,0.9908142142487494,0.9726503658911846,77.7
horizon,3,75,2,1,0.24899598393574296,Eigenvector,79.51807228915662,100.0,17.741935483870968,30.136986301369863,0.996463688114542,0.9887910022755568,77.7
horizon,3,75,2,1,0.24899598393574296,LogReg,99.19678714859438,98.38709677419355,98.38709677419355,98.38709677419355,0.9988787303777815,0.9972043010752688,77.7
horizon,3,75,2,1,0.24899598393574296,RandomForest,98.39357429718876,98.33333333333333,95.16129032258065,96.72131147540983,0.9991374849059859,0.9975703481143547,77.7
horizon,3,75,2,1,0.24899598393574296,MLP,99.19678714859438,100.0,96.7741935483871,98.36065573770492,0.9991374849059859,0.9977598566308243,77.7
horizon,3,75,2,1,0.24899598393574296,GCN,77.91164658634538,53.21100917431193,93.54838709677419,67.83625730994152,0.9308262894600655,0.8405271651913658,77.7
horizon,3,75,2,1,0.24899598393574296,GraphSAGE,98.39357429718876,95.3125,98.38709677419355,96.82539682539682,0.9993962394341901,0.9982460397584669,77.7
horizon,3,75,2,1,0.24899598393574296,GAT-LR,97.59036144578313,92.42424242424242,98.38709677419355,95.3125,0.9948249094359152,0.9898916503735664,77.7
horizon,3,75,2,2,0.24899598393574296,Majority,75.1004016064257,0.0,0.0,0.0,0.5,0.24899598393574296,79.5
horizon,3,75,2,2,0.24899598393574296,Degree,78.3132530120482,100.0,12.903225806451612,22.857142857142858,0.9918492323615663,0.9777803253335223,79.5
horizon,3,75,2,2,0.24899598393574296,Eigenvector,78.3132530120482,100.0,12.903225806451612,22.857142857142858,0.9936173883042954,0.9800728240963001,79.5
horizon,3,75,2,2,0.24899598393574296,LogReg,97.59036144578313,92.42424242424242,98.38709677419355,95.3125,0.9983612213213731,0.9952598581440437,79.5
horizon,3,75,2,2,0.24899598393574296,RandomForest,98.39357429718876,96.7741935483871,96.7741935483871,96.7741935483871,0.9987924788683802,0.9963727554361379,79.5
horizon,3,75,2,2,0.24899598393574296,MLP,97.59036144578313,95.16129032258065,95.16129032258065,95.16129032258065,0.9987924788683802,0.9964796719136522,79.5
horizon,3,75,2,2,0.24899598393574296,GCN,82.73092369477911,59.04761904761905,100.0,74.25149700598801,0.9890460583060203,0.9673125759540769,79.5
horizon,3,75,2,2,0.24899598393574296,GraphSAGE,98.79518072289156,96.82539682539682,98.38709677419355,97.6,0.999568742452993,0.9987310270800829,79.5
horizon,3,75,2,2,0.24899598393574296,GAT-LR,96.78714859437751,90.9090909090909,96.7741935483871,93.75,0.9966361911333449,0.989523457730941,79.5
horizon,3,75,2,3,0.24899598393574296,Majority,75.1004016064257,0.0,0.0,0.0,0.5,0.24899598393574296,79.5
horizon,3,75,2,3,0.24899598393574296,Degree,75.90361445783132,100.0,3.225806451612903,6.25,0.9966361911333448,0.988467012696391,79.5
horizon,3,75,2,3,0.24899598393574296,Eigenvector,77.91164658634538,100.0,11.29032258064516,20.28985507246377,0.9925823701914783,0.9795753142026353,79.5
horizon,3,75,2,3,0.24899598393574296,LogReg,96.78714859437751,89.70588235294117,98.38709677419355,93.84615384615384,0.9986199758495773,0.9961127294193504,79.5
horizon,3,75,2,3,0.24899598393574296,RandomForest,96.78714859437751,90.9090909090909,96.7741935483871,93.75,0.9982318440572711,0.9949748969237037,79.5
horizon,3,75,2,3,0.24899598393574296,MLP,98.79518072289156,98.36065573770492,96.7741935483871,97.5609756097561,0.9988787303777815,0.9969193304166405,79.5
horizon,3,75,2,3,0.24899598393574296,GCN,81.92771084337349,58.415841584158414,95.16129032258065,72.39263803680981,0.979385889253062,0.9589242360288553,79.5
horizon,3,75,2,3,0.24899598393574296,GraphSAGE,98.39357429718876,95.3125,98.38709677419355,96.82539682539682,0.9993962394341902,0.998188836447679,79.5
horizon,3,75,2,3,0.24899598393574296,GAT-LR,97.18875502008032,92.3076923076923,96.7741935483871,94.48818897637796,0.9938761428324995,0.9805164460295659,79.5
horizon,4,75,0,0,0.24899598393574296,Majority,75.1004016064257,0.0,0.0,0.0,0.5,0.24899598393574296,79.1
horizon,4,75,0,0,0.24899598393574296,Degree,79.51807228915662,100.0,17.741935483870968,30.136986301369863,0.9894773158530275,0.9701280070430547,79.1
horizon,4,75,0,0,0.24899598393574296,Eigenvector,79.11646586345381,100.0,16.129032258064516,27.77777777777778,0.9896498188718302,0.9646206564043287,79.1
horizon,4,75,0,0,0.24899598393574296,LogReg,97.18875502008032,92.3076923076923,96.7741935483871,94.48818897637796,0.9970674486803519,0.9913462087390321,79.1
horizon,4,75,0,0,0.24899598393574296,RandomForest,97.18875502008032,93.65079365079364,95.16129032258065,94.39999999999999,0.9970674486803519,0.9915904674943831,79.1
horizon,4,75,0,0,0.24899598393574296,MLP,98.39357429718876,96.7741935483871,96.7741935483871,96.7741935483871,0.9971537001897532,0.9921432152249946,79.1
horizon,4,75,0,0,0.24899598393574296,GCN,88.35341365461848,69.41176470588235,95.16129032258065,80.27210884353741,0.9759358288770054,0.9375881337995392,79.1
horizon,4,75,0,0,0.24899598393574296,GraphSAGE,99.19678714859438,98.38709677419355,98.38709677419355,98.38709677419355,0.9981887183025703,0.9947575182477071,79.1
horizon,4,75,0,0,0.24899598393574296,GAT-LR,94.77911646586345,83.56164383561644,98.38709677419355,90.37037037037037,0.9725720200103503,0.8926986605876253,79.1
horizon,3,75,2,4,0.25301204819277107,Majority,74.69879518072288,0.0,0.0,0.0,0.5,0.25301204819277107,80.6
horizon,3,75,2,4,0.25301204819277107,Degree,82.32931726907631,100.0,30.158730158730158,46.34146341463415,0.992447516641065,0.978627982298607,80.6
horizon,3,75,2,4,0.25301204819277107,Eigenvector,80.32128514056225,100.0,22.22222222222222,36.36363636363637,0.9937702679638164,0.9817046923497686,80.6
horizon,3,75,2,4,0.25301204819277107,LogReg,97.99196787148594,92.64705882352942,100.0,96.18320610687023,0.9988052568697731,0.9964546563973337,80.6
horizon,3,75,2,4,0.25301204819277107,RandomForest,96.78714859437751,91.04477611940298,96.82539682539682,93.84615384615384,0.9975678443420379,0.9932261330039269,80.6
horizon,3,75,2,4,0.25301204819277107,MLP,97.99196787148594,93.93939393939394,98.4126984126984,96.12403100775194,0.9980372077146271,0.9945768275605495,80.6
horizon,3,75,2,4,0.25301204819277107,GCN,71.8875502008032,47.32824427480916,98.4126984126984,63.91752577319587,0.9841269841269842,0.9702728347546248,80.6
horizon,3,75,2,4,0.25301204819277107,GraphSAGE,98.79518072289156,95.45454545454545,100.0,97.67441860465115,0.9994026284348865,0.9982898821608499,80.6
horizon,3,75,2,4,0.25301204819277107,GAT-LR,97.59036144578313,93.84615384615384,96.82539682539682,95.3125,0.9976958525345622,0.9938635871670902,80.6
horizon,4,75,0,1,0.24899598393574296,Majority,75.1004016064257,0.0,0.0,0.0,0.5,0.24899598393574296,80.5
horizon,4,75,0,1,0.24899598393574296,Degree,77.10843373493977,100.0,8.064516129032258,14.925373134328357,0.9923236156632741,0.9784229791537573,80.5
horizon,4,75,0,1,0.24899598393574296,Eigenvector,78.3132530120482,100.0,12.903225806451612,22.857142857142858,0.988959806796619,0.9701082986788232,80.5
horizon,4,75,0,1,0.24899598393574296,LogReg,97.18875502008032,91.04477611940298,98.38709677419355,94.57364341085271,0.9978437122649646,0.9940124355121726,80.5
horizon,4,75,0,1,0.24899598393574296,RandomForest,97.99196787148594,95.23809523809523,96.7741935483871,96.0,0.9982749698119717,0.994948068046577,80.5
horizon,4,75,0,1,0.24899598393574296,MLP,97.99196787148594,96.72131147540983,95.16129032258065,95.9349593495935,0.9982749698119717,0.9954837055242165,80.5
horizon,4,75,0,1,0.24899598393574296,GCN,84.73895582329317,62.244897959183675,98.38709677419355,76.25,0.9844747283077453,0.9631799164931395,80.5
horizon,4,75,0,1,0.24899598393574296,GraphSAGE,98.79518072289156,98.36065573770492,96.7741935483871,97.5609756097561,0.9986199758495774,0.9962003508318149,80.5
horizon,4,75,0,1,0.24899598393574296,GAT-LR,93.97590361445783,80.51948051948052,100.0,89.20863309352518,0.9859410039675693,0.9393622930728501,80.5
horizon,4,75,0,2,0.24899598393574296,Majority,75.1004016064257,0.0,0.0,0.0,0.5,0.24899598393574296,82.0
horizon,4,75,0,2,0.24899598393574296,Degree,76.70682730923694,100.0,6.451612903225806,12.121212121212121,0.9893048128342246,0.9682812205027542,82.0
horizon,4,75,0,2,0.24899598393574296,Eigenvector,79.91967871485943,100.0,19.35483870967742,32.432432432432435,0.9842159737795411,0.9543060396945648,82.0
horizon,4,75,0,2,0.24899598393574296,LogReg,95.98393574297188,87.14285714285714,98.38709677419355,92.42424242424242,0.9950836639641194,0.9861990015746277,82.0
horizon,4,75,0,2,0.24899598393574296,RandomForest,97.59036144578313,92.42424242424242,98.38709677419355,95.3125,0.9962911850957392,0.9888870005072556,82.0
horizon,4,75,0,2,0.24899598393574296,MLP,97.18875502008032,92.3076923076923,96.7741935483871,94.48818897637796,0.9968086941521477,0.9906858755070939,82.0
horizon,4,75,0,2,0.24899598393574296,GCN,87.95180722891565,67.77777777777779,98.38709677419355,80.26315789473685,0.9800759013282733,0.9448634144934018,82.0
horizon,4,75,0,2,0.24899598393574296,GraphSAGE,97.99196787148594,95.23809523809523,96.7741935483871,96.0,0.9984474728307746,0.9955938828833628,82.0
horizon,4,75,0,2,0.24899598393574296,GAT-LR,93.17269076305222,80.0,96.7741935483871,87.59124087591242,0.9754183198205968,0.8888469183971094,82.0
horizon,4,75,0,3,0.24899598393574296,Majority,75.1004016064257,0.0,0.0,0.0,0.5,0.24899598393574296,83.8
horizon,4,75,0,3,0.24899598393574296,Degree,78.3132530120482,100.0,12.903225806451612,22.857142857142858,0.9832240814214249,0.9544808149431577,83.8
horizon,4,75,0,3,0.24899598393574296,Eigenvector,79.51807228915662,100.0,17.741935483870968,30.136986301369863,0.9833534586855269,0.9491782509701461,83.8
horizon,4,75,0,3,0.24899598393574296,LogReg,96.78714859437751,90.9090909090909,96.7741935483871,93.75,0.9947386579265136,0.9856886724232423,83.8
horizon,4,75,0,3,0.24899598393574296,RandomForest,96.3855421686747,89.55223880597015,96.7741935483871,93.02325581395348,0.9880541659479041,0.9821775241786967,83.8
horizon,4,75,0,3,0.24899598393574296,MLP,97.18875502008032,96.61016949152543,91.93548387096774,94.21487603305785,0.9961186820769363,0.9903576342369854,83.8
horizon,4,75,0,3,0.24899598393574296,GCN,83.93574297188755,61.0,98.38709677419355,75.30864197530865,0.9812834224598932,0.9520012154267308,83.8
horizon,4,75,0,3,0.24899598393574296,GraphSAGE,97.99196787148594,93.84615384615384,98.38709677419355,96.06299212598425,0.9958599275487321,0.9857222047343461,83.8
horizon,4,75,0,3,0.24899598393574296,GAT-LR,95.18072289156626,86.76470588235294,95.16129032258065,90.76923076923077,0.9901673279282388,0.9650870421890313,83.8
horizon,4,75,1,0,0.24899598393574296,Majority,75.1004016064257,0.0,0.0,0.0,0.5,0.24899598393574296,81.2
horizon,4,75,1,0,0.24899598393574296,Degree,76.70682730923694,100.0,6.451612903225806,12.121212121212121,0.9839140934966362,0.9521384825723573,81.2
horizon,4,75,1,0,0.24899598393574296,Eigenvector,78.714859437751,100.0,14.516129032258066,25.352112676056336,0.9859410039675693,0.9610398504349363,81.2
horizon,4,75,1,0,0.24899598393574296,LogReg,95.18072289156626,84.72222222222221,98.38709677419355,91.04477611940298,0.9965499396239433,0.9909617714478943,81.2
horizon,4,75,1,0,0.24899598393574296,RandomForest,96.3855421686747,89.55223880597015,96.7741935483871,93.02325581395348,0.996463688114542,0.9912773432569658,81.2
horizon,4,75,1,0,0.24899598393574296,MLP,97.18875502008032,92.3076923076923,96.7741935483871,94.48818897637796,0.9952561669829222,0.9888275773747494,81.2
horizon,4,75,1,0,0.24899598393574296,GCN,87.55020080321285,67.41573033707866,96.7741935483871,79.47019867549669,0.9660169052958427,0.9104717236718348,81.2
horizon,4,75,1,0,0.24899598393574296,GraphSAGE,96.3855421686747,88.40579710144928,98.38709677419355,93.12977099236642,0.996463688114542,0.9914015285874724,81.2
horizon,4,75,1,0,0.24899598393574296,GAT-LR,96.78714859437751,90.9090909090909,96.7741935483871,93.75,0.9966361911333448,0.9903225985569022,81.2
horizon,4,75,0,4,0.25301204819277107,Majority,74.69879518072288,0.0,0.0,0.0,0.5,0.25301204819277107,83.0
horizon,4,75,0,4,0.25301204819277107,Degree,76.70682730923694,100.0,7.936507936507936,14.705882352941178,0.9885219320703191,0.9648046650250466,83.0
horizon,4,75,0,4,0.25301204819277107,Eigenvector,77.91164658634538,100.0,12.698412698412698,22.535211267605636,0.9857484212322922,0.9544997264829062,83.0
horizon,4,75,0,4,0.25301204819277107,LogReg,95.18072289156626,84.93150684931507,98.4126984126984,91.17647058823529,0.997951868919611,0.9947267722878625,83.0
horizon,4,75,0,4,0.25301204819277107,RandomForest,96.3855421686747,90.9090909090909,95.23809523809523,93.02325581395348,0.9967144563918757,0.9907994564939637,83.0
horizon,4,75,0,4,0.25301204819277107,MLP,97.59036144578313,95.23809523809523,95.23809523809523,95.23809523809523,0.9977811913295784,0.9938455705937821,83.0
horizon,4,75,0,4,0.25301204819277107,GCN,81.92771084337349,59.375,90.47619047619048,71.69811320754717,0.9644990612732548,0.9325618648296331,83.0
horizon,4,75,0,4,0.25301204819277107,GraphSAGE,97.59036144578313,95.23809523809523,95.23809523809523,95.23809523809523,0.9974398361495136,0.992515073310951,83.0
horizon,4,75,0,4,0.25301204819277107,GAT-LR,97.18875502008032,93.75,95.23809523809523,94.48818897637796,0.9923195084485408,0.9811516064004875,83.0
horizon,4,75,1,1,0.24899598393574296,Majority,75.1004016064257,0.0,0.0,0.0,0.5,0.24899598393574296,82.3
horizon,4,75,1,1,0.24899598393574296,Degree,84.33734939759037,100.0,37.096774193548384,54.11764705882353,0.9880541659479041,0.9702205778244329,82.3
horizon,4,75,1,1,0.24899598393574296,Eigenvector,84.33734939759037,100.0,37.096774193548384,54.11764705882353,0.9934448852854925,0.9816405474876954,82.3
horizon,4,75,1,1,0.24899598393574296,LogReg,97.59036144578313,96.66666666666667,93.54838709677419,95.08196721311475,0.9976712092461618,0.9937640771486336,82.3
horizon,4,75,1,1,0.24899598393574296,RandomForest,97.99196787148594,100.0,91.93548387096774,95.7983193277311,0.9902104536829394,0.9868665732469806,82.3
horizon,4,75,1,1,0.24899598393574296,MLP,97.59036144578313,100.0,90.32258064516128,94.91525423728814,0.9983612213213732,0.9958654248976829,82.3
horizon,4,75,1,1,0.24899598393574296,GCN,77.91164658634538,53.153153153153156,95.16129032258065,68.20809248554913,0.9513541486976024,0.8744594943284303,82.3
horizon,4,75,1,1,0.24899598393574296,GraphSAGE,98.39357429718876,98.33333333333333,95.16129032258065,96.72131147540983,0.9977574607555633,0.9944382907730014,82.3
horizon,4,75,1,1,0.24899598393574296,GAT-LR,98.39357429718876,96.7741935483871,96.7741935483871,96.7741935483871,0.9987924788683802,0.9967275324975637,82.3
horizon,4,75,1,2,0.24899598393574296,Majority,75.1004016064257,0.0,0.0,0.0,0.5,0.24899598393574296,83.5
horizon,4,75,1,2,0.24899598393574296,Degree,78.3132530120482,100.0,12.903225806451612,22.857142857142858,0.9919354838709677,0.9752432110134616,83.5
horizon,4,75,1,2,0.24899598393574296,Eigenvector,77.91164658634538,100.0,11.29032258064516,20.28985507246377,0.9824046920821115,0.9469229209757994,83.5
horizon,4,75,1,2,0.24899598393574296,LogReg,96.3855421686747,88.40579710144928,98.38709677419355,93.12977099236642,0.9977574607555632,0.9936006747778311,83.5
horizon,4,75,1,2,0.24899598393574296,RandomForest,97.99196787148594,95.23809523809523,96.7741935483871,96.0,0.9980593410384683,0.9944153572732455,83.5
horizon,4,75,1,2,0.24899598393574296,MLP,98.39357429718876,98.33333333333333,95.16129032258065,96.72131147540983,0.9977574607555633,0.9934015543623957,83.5
horizon,4,75,1,2,0.24899598393574296,GCN,80.72289156626506,56.86274509803921,93.54838709677419,70.73170731707317,0.9615318268069691,0.9306728840795602,83.5
horizon,4,75,1,2,0.24899598393574296,GraphSAGE,99.59839357429718,98.4126984126984,100.0,99.2,0.9993099879247886,0.9978281662616181,83.5
horizon,4,75,1,2,0.24899598393574296,GAT-LR,97.18875502008032,95.08196721311475,93.54838709677419,94.3089430894309,0.994997412454718,0.98691998172777,83.5
horizon,4,75,1,3,0.24899598393574296,Majority,75.1004016064257,0.0,0.0,0.0,0.5,0.24899598393574296,83.6
horizon,4,75,1,3,0.24899598393574296,Degree,77.91164658634538,100.0,11.29032258064516,20.28985507246377,0.9884854234949112,0.9685407174779677,83.6
horizon,4,75,1,3,0.24899598393574296,Eigenvector,79.11646586345381,100.0,16.129032258064516,27.77777777777778,0.9888735552872175,0.962190954466211,83.6
horizon,4,75,1,3,0.24899598393574296,LogReg,95.58232931726907,84.93150684931507,100.0,91.85185185185185,0.9981887183025703,0.9946066089465476,83.6
horizon,4,75,1,3,0.24899598393574296,RandomForest,96.78714859437751,88.57142857142857,100.0,93.93939393939394,0.9987062273589788,0.9962775746081586,83.6
horizon,4,75,1,3,0.24899598393574296,MLP,98.39357429718876,95.3125,98.38709677419355,96.82539682539682,0.999568742452993,0.9987435503564535,83.6
horizon,4,75,1,3,0.24899598393574296,GCN,90.76305220883533,73.49397590361446,98.38709677419355,84.13793103448276,0.9910298430222529,0.9760246393382541,83.6
horizon,4,75,1,3,0.24899598393574296,GraphSAGE,97.59036144578313,91.17647058823529,100.0,95.38461538461539,0.9988787303777816,0.9967178069681284,83.6
horizon,4,75,1,3,0.24899598393574296,GAT-LR,91.16465863453816,73.80952380952381,100.0,84.93150684931507,0.9654993962394343,0.836399879534701,83.6
horizon,4,75,1,4,0.25301204819277107,Majority,74.69879518072288,0.0,0.0,0.0,0.5,0.25301204819277107,83.1
horizon,4,75,1,4,0.25301204819277107,Degree,79.11646586345381,100.0,17.46031746031746,29.72972972972973,0.9916794674859191,0.9745886356408169,83.1
horizon,4,75,1,4,0.25301204819277107,Eigenvector,82.73092369477911,100.0,31.746031746031743,48.19277108433735,0.9821641918416112,0.945583795241883,83.1
horizon,4,75,1,4,0.25301204819277107,LogReg,96.3855421686747,88.57142857142857,98.4126984126984,93.23308270676691,0.9958183990442055,0.9879734530524158,83.1
horizon,4,75,1,4,0.25301204819277107,RandomForest,97.18875502008032,95.16129032258065,93.65079365079364,94.39999999999999,0.9957330602491893,0.9870485594790747,83.1
horizon,4,75,1,4,0.25301204819277107,MLP,96.3855421686747,93.54838709677419,92.06349206349206,92.80000000000001,0.9953917050691244,0.9872630713893498,83.1
horizon,4,75,1,4,0.25301204819277107,GCN,77.91164658634538,53.50877192982456,96.82539682539682,68.92655367231639,0.9161973032940774,0.7827374603188454,83.1
horizon,4,75,1,4,0.25301204819277107,GraphSAGE,96.3855421686747,93.54838709677419,92.06349206349206,92.80000000000001,0.9964157706093191,0.9896240376085241,83.1
horizon,4,75,1,4,0.25301204819277107,GAT-LR,94.77911646586345,85.71428571428571,95.23809523809523,90.22556390977444,0.9721795528247141,0.8853102262577652,83.1
horizon,4,75,2,0,0.24899598393574296,Majority,75.1004016064257,0.0,0.0,0.0,0.5,0.24899598393574296,76.1
horizon,4,75,2,0,0.24899598393574296,Degree,75.90361445783132,100.0,3.225806451612903,6.25,0.9907279627393478,0.9736444000486977,76.1
horizon,4,75,2,0,0.24899598393574296,Eigenvector,78.714859437751,100.0,14.516129032258066,25.352112676056336,0.9885285492496119,0.9661456077431487,76.1
horizon,4,75,2,0,0.24899598393574296,LogReg,95.18072289156626,83.78378378378379,100.0,91.17647058823529,0.9965499396239434,0.9899274131832196,76.1
horizon,4,75,2,0,0.24899598393574296,RandomForest,96.78714859437751,88.57142857142857,100.0,93.93939393939394,0.9966793168880453,0.9903264599064746,76.1
horizon,4,75,2,0,0.24899598393574296,MLP,96.78714859437751,90.9090909090909,96.7741935483871,93.75,0.9977574607555633,0.9937058929429555,76.1
horizon,4,75,2,0,0.24899598393574296,GCN,81.92771084337349,58.252427184466015,96.7741935483871,72.72727272727273,0.9784371226496464,0.9606180763870896,76.1
horizon,4,75,2,0,0.24899598393574296,GraphSAGE,95.58232931726907,84.93150684931507,100.0,91.85185185185185,0.9965499396239433,0.9894472073327226,76.1
horizon,4,75,2,0,0.24899598393574296,GAT-LR,93.97590361445783,80.51948051948052,100.0,89.20863309352518,0.9825771951009142,0.9261819372893515,76.1
horizon,4,75,2,1,0.24899598393574296,Majority,75.1004016064257,0.0,0.0,0.0,0.5,0.24899598393574296,80.4
horizon,4,75,2,1,0.24899598393574296,Degree,78.714859437751,100.0,14.516129032258066,25.352112676056336,0.9843453510436433,0.9542834317200046,80.4
horizon,4,75,2,1,0.24899598393574296,Eigenvector,78.714859437751,100.0,14.516129032258066,25.352112676056336,0.983957219251337,0.9489291912152109,80.4
horizon,4,75,2,1,0.24899598393574296,LogReg,97.59036144578313,95.16129032258065,95.16129032258065,95.16129032258065,0.9953424184923236,0.9873587990244044,80.4
horizon,4,75,2,1,0.24899598393574296,RandomForest,97.59036144578313,98.27586206896551,91.93548387096774,95.0,0.9880541659479042,0.9803173000604379,80.4
horizon,4,75,2,1,0.24899598393574296,MLP,97.59036144578313,98.27586206896551,91.93548387096774,95.0,0.9964636881145421,0.990827277820276,80.4
horizon,4,75,2,1,0.24899598393574296,GCN,77.51004016064257,52.67857142857143,95.16129032258065,67.81609195402298,0.934017595307918,0.819478968926947,80.4
horizon,4,75,2,1,0.24899598393574296,GraphSAGE,97.59036144578313,93.75,96.7741935483871,95.23809523809523,0.998533724340176,0.9957497899700903,80.4
horizon,4,75,2,1,0.24899598393574296,GAT-LR,95.58232931726907,90.47619047619048,91.93548387096774,91.2,0.986458513023978,0.9709500076771169,80.4
horizon,4,75,2,3,0.24899598393574296,Majority,75.1004016064257,0.0,0.0,0.0,0.5,0.24899598393574296,79.7
horizon,4,75,2,3,0.24899598393574296,Degree,77.51004016064257,100.0,9.67741935483871,17.647058823529413,0.990426082456443,0.9751643871404134,79.7
horizon,4,75,2,3,0.24899598393574296,Eigenvector,78.714859437751,100.0,14.516129032258066,25.352112676056336,0.9881835432120062,0.9615465711077077,79.7
horizon,4,75,2,3,0.24899598393574296,LogReg,94.37751004016064,82.43243243243244,98.38709677419355,89.70588235294117,0.9968949456615491,0.9915800472146512,79.7
horizon,4,75,2,3,0.24899598393574296,RandomForest,96.78714859437751,89.70588235294117,98.38709677419355,93.84615384615384,0.997498706227359,0.9928768277676043,79.7
horizon,4,75,2,3,0.24899598393574296,MLP,97.99196787148594,93.84615384615384,98.38709677419355,96.06299212598425,0.9977574607555632,0.9938221609592578,79.7
horizon,4,75,2,3,0.24899598393574296,GCN,81.12449799196787,57.14285714285714,96.7741935483871,71.8562874251497,0.9811971709504916,0.9607677808654583,79.7
horizon,4,75,2,3,0.24899598393574296,GraphSAGE,97.99196787148594,92.53731343283582,100.0,96.12403100775194,0.9993099879247886,0.9980198977412802,79.7
horizon,4,75,2,3,0.24899598393574296,GAT-LR,95.58232931726907,85.91549295774648,98.38709677419355,91.72932330827066,0.9869760220803864,0.9274579790633596,79.7
horizon,4,75,2,2,0.24899598393574296,Majority,75.1004016064257,0.0,0.0,0.0,0.5,0.24899598393574296,80.8
horizon,4,75,2,2,0.24899598393574296,Degree,80.72289156626506,100.0,22.58064516129032,36.84210526315789,0.9951267897188201,0.9830564189202236,80.8
horizon,4,75,2,2,0.24899598393574296,Eigenvector,77.10843373493977,100.0,8.064516129032258,14.925373134328357,0.9947386579265137,0.9853190457348031,80.8
horizon,4,75,2,2,0.24899598393574296,LogReg,98.39357429718876,95.3125,98.38709677419355,96.82539682539682,0.9992237364153873,0.9977038491260631,80.8
horizon,4,75,2,2,0.24899598393574296,RandomForest,99.19678714859438,98.38709677419355,98.38709677419355,98.38709677419355,0.99939623943419,0.9979107496846089,80.8
horizon,4,75,2,2,0.24899598393574296,MLP,98.39357429718876,98.33333333333333,95.16129032258065,96.72131147540983,0.9994824909435915,0.9984622098757818,80.8
horizon,4,75,2,2,0.24899598393574296,GCN,86.74698795180723,65.59139784946237,98.38709677419355,78.70967741935485,0.9781783681214421,0.9563051369992372,80.8
horizon,4,75,2,2,0.24899598393574296,GraphSAGE,99.19678714859438,98.38709677419355,98.38709677419355,98.38709677419355,0.9989649818871831,0.9971621015334199,80.8
horizon,4,75,2,2,0.24899598393574296,GAT-LR,97.18875502008032,93.65079365079364,95.16129032258065,94.39999999999999,0.9983612213213731,0.9952666082746154,80.8
horizon,4,75,2,4,0.25301204819277107,Majority,74.69879518072288,0.0,0.0,0.0,0.5,0.25301204819277107,80.1
horizon,4,75,2,4,0.25301204819277107,Degree,77.51004016064257,100.0,11.11111111111111,20.0,0.9823775388291517,0.9533682973399811,80.1
horizon,4,75,2,4,0.25301204819277107,Eigenvector,77.51004016064257,100.0,11.11111111111111,20.0,0.9804574159412869,0.9426354248005707,80.1
horizon,4,75,2,4,0.25301204819277107,LogReg,96.3855421686747,89.70588235294117,96.82539682539682,93.12977099236642,0.9961597542242703,0.9898059663922946,80.1
horizon,4,75,2,4,0.25301204819277107,RandomForest,97.18875502008032,93.75,95.23809523809523,94.48818897637796,0.9966717869943676,0.9907290980774228,80.1
horizon,4,75,2,4,0.25301204819277107,MLP,97.59036144578313,96.72131147540983,93.65079365079364,95.16129032258065,0.9904420549581838,0.9841556958460815,80.1
horizon,4,75,2,4,0.25301204819277107,GCN,73.49397590361446,48.8,96.82539682539682,64.8936170212766,0.9613415258576549,0.9133283879172207,80.1
horizon,4,75,2,4,0.25301204819277107,GraphSAGE,97.99196787148594,96.7741935483871,95.23809523809523,96.0,0.9969278033794162,0.991979359039716,80.1
horizon,4,75,2,4,0.25301204819277107,GAT-LR,97.18875502008032,96.66666666666667,92.06349206349206,94.3089430894309,0.9855777436422597,0.9750049678882363,80.1
horizon,5,75,0,0,0.24899598393574296,Majority,75.1004016064257,0.0,0.0,0.0,0.5,0.24899598393574296,80.5
horizon,5,75,0,0,0.24899598393574296,Degree,80.72289156626506,100.0,22.58064516129032,36.84210526315789,0.9903398309470416,0.9692361446884431,80.5
horizon,5,75,0,0,0.24899598393574296,Eigenvector,79.91967871485943,100.0,19.35483870967742,32.432432432432435,0.9778333620838364,0.9304109698928104,80.5
horizon,5,75,0,0,0.24899598393574296,LogReg,95.58232931726907,84.93150684931507,100.0,91.85185185185185,0.9956874245299294,0.9862504392786811,80.5
horizon,5,75,0,0,0.24899598393574296,RandomForest,96.78714859437751,88.57142857142857,100.0,93.93939393939394,0.9966361911333448,0.9885110832712544,80.5
horizon,5,75,0,0,0.24899598393574296,MLP,97.18875502008032,89.85507246376811,100.0,94.65648854961832,0.9981887183025703,0.9945987926765203,80.5
horizon,5,75,0,0,0.24899598393574296,GCN,84.73895582329317,63.04347826086957,93.54838709677419,75.32467532467533,0.9680869415214767,0.930046921644924,80.5
horizon,5,75,0,0,0.24899598393574296,GraphSAGE,97.59036144578313,91.17647058823529,100.0,95.38461538461539,0.9969811971709505,0.9902596254064343,80.5
horizon,5,75,0,0,0.24899598393574296,GAT-LR,91.96787148594377,75.60975609756098,100.0,86.11111111111111,0.9507503881317924,0.7793676194251851,80.5
horizon,5,75,0,1,0.24899598393574296,Majority,75.1004016064257,0.0,0.0,0.0,0.5,0.24899598393574296,81.2
horizon,5,75,0,1,0.24899598393574296,Degree,76.30522088353415,100.0,4.838709677419355,9.230769230769232,0.9906417112299465,0.9706522726440902,81.2
horizon,5,75,0,1,0.24899598393574296,Eigenvector,77.91164658634538,100.0,11.29032258064516,20.28985507246377,0.9881835432120062,0.9673215950465717,81.2
horizon,5,75,0,1,0.24899598393574296,LogReg,97.18875502008032,92.3076923076923,96.7741935483871,94.48818897637796,0.9956011730205278,0.986643916739337,81.2
horizon,5,75,0,1,0.24899598393574296,RandomForest,96.3855421686747,92.06349206349206,93.54838709677419,92.80000000000001,0.9945230291530102,0.9844614838042834,81.2
horizon,5,75,0,1,0.24899598393574296,MLP,96.3855421686747,93.44262295081968,91.93548387096774,92.6829268292683,0.9949111609453166,0.9853284387035014,81.2
horizon,5,75,0,1,0.24899598393574296,GCN,85.94377510040161,64.51612903225806,96.7741935483871,77.41935483870968,0.9816284284974988,0.9605512525621179,81.2
horizon,5,75,0,1,0.24899598393574296,GraphSAGE,96.3855421686747,90.76923076923077,95.16129032258065,92.91338582677166,0.9952561669829222,0.9851163541165038,81.2
horizon,5,75,0,1,0.24899598393574296,GAT-LR,95.58232931726907,85.91549295774648,98.38709677419355,91.72932330827066,0.979817146800069,0.9300418009709367,81.2
horizon,5,75,0,2,0.24899598393574296,Majority,75.1004016064257,0.0,0.0,0.0,0.5,0.24899598393574296,89.7
horizon,5,75,0,2,0.24899598393574296,Degree,78.714859437751,100.0,14.516129032258066,25.352112676056336,0.9959461790581335,0.9882820847976642,89.7
horizon,5,75,0,2,0.24899598393574296,Eigenvector,78.3132530120482,100.0,12.903225806451612,22.857142857142858,0.9881835432120062,0.9636188939325759,89.7
horizon,5,75,0,2,0.24899598393574296,LogReg,97.99196787148594,93.84615384615384,98.38709677419355,96.06299212598425,0.9974124547179576,0.9923558853153547,89.7
horizon,5,75,0,2,0.24899598393574296,RandomForest,99.19678714859438,98.38709677419355,98.38709677419355,98.38709677419355,0.9978005865102638,0.9941618952566373,89.7
horizon,5,75,0,2,0.24899598393574296,MLP,97.59036144578313,96.66666666666667,93.54838709677419,95.08196721311475,0.9976712092461618,0.9930424208094568,89.7
horizon,5,75,0,2,0.24899598393574296,GCN,90.36144578313254,72.09302325581395,100.0,83.78378378378379,0.9805071588752803,0.9404041392084417,89.7
horizon,5,75,0,2,0.24899598393574296,GraphSAGE,98.39357429718876,96.7741935483871,96.7741935483871,96.7741935483871,0.9981024667931688,0.9945624929975653,89.7
horizon,5,75,0,2,0.24899598393574296,GAT-LR,96.78714859437751,89.70588235294117,98.38709677419355,93.84615384615384,0.9877522856649992,0.9446973955870501,89.7
horizon,5,75,0,3,0.24899598393574296,Majority,75.1004016064257,0.0,0.0,0.0,0.5,0.24899598393574296,94.9
horizon,5,75,0,3,0.24899598393574296,Degree,75.90361445783132,100.0,3.225806451612903,6.25,0.9930136277384854,0.9791980032733956,94.9
horizon,5,75,0,3,0.24899598393574296,Eigenvector,77.51004016064257,100.0,9.67741935483871,17.647058823529413,0.989391064343626,0.9692929691403384,94.9
horizon,5,75,0,3,0.24899598393574296,LogReg,97.99196787148594,95.23809523809523,96.7741935483871,96.0,0.9988787303777816,0.9968674060713656,94.9
horizon,5,75,0,3,0.24899598393574296,RandomForest,98.39357429718876,98.33333333333333,95.16129032258065,96.72131147540983,0.9982318440572711,0.9947424991589429,94.9
horizon,5,75,0,3,0.24899598393574296,MLP,97.59036144578313,96.66666666666667,93.54838709677419,95.08196721311475,0.9987924788683802,0.9964983161867411,94.9
horizon,5,75,0,3,0.24899598393574296,GCN,82.32931726907631,59.0,95.16129032258065,72.8395061728395,0.9585130239779196,0.897376114246591,94.9
horizon,5,75,0,3,0.24899598393574296,GraphSAGE,98.79518072289156,96.82539682539682,98.38709677419355,97.6,0.9984474728307745,0.9958099664897844,94.9
horizon,5,75,0,3,0.24899598393574296,GAT-LR,94.77911646586345,82.66666666666667,100.0,90.51094890510949,0.9627393479385888,0.8215468317741392,94.9
horizon,5,75,1,0,0.24899598393574296,Majority,75.1004016064257,0.0,0.0,0.0,0.5,0.24899598393574296,93.7
horizon,5,75,1,0,0.24899598393574296,Degree,83.53413654618474,100.0,33.87096774193548,50.602409638554214,0.9932292565119889,0.977957906053626,93.7
horizon,5,75,1,0,0.24899598393574296,Eigenvector,79.91967871485943,100.0,19.35483870967742,32.432432432432435,0.9834397101949284,0.9484915887375278,93.7
horizon,5,75,1,0,0.24899598393574296,LogReg,96.3855421686747,87.32394366197182,100.0,93.23308270676691,0.996463688114542,0.9890835288576779,93.7
horizon,5,75,1,0,0.24899598393574296,RandomForest,97.59036144578313,92.42424242424242,98.38709677419355,95.3125,0.9971105744350526,0.9908542164828912,93.7
horizon,5,75,1,0,0.24899598393574296,MLP,96.3855421686747,92.06349206349206,93.54838709677419,92.80000000000001,0.9972399516991547,0.9918533403903985,93.7
horizon,5,75,1,0,0.24899598393574296,GCN,85.54216867469879,64.44444444444444,93.54838709677419,76.31578947368422,0.96463688114542,0.9124334515632668,93.7
horizon,5,75,1,0,0.24899598393574296,GraphSAGE,97.99196787148594,92.53731343283582,100.0,96.12403100775194,0.9976712092461618,0.9930648893946042,93.7
horizon,5,75,1,0,0.24899598393574296,GAT-LR,97.59036144578313,91.17647058823529,100.0,95.38461538461539,0.9969811971709506,0.9908762755742401,93.7
horizon,5,75,0,4,0.25301204819277107,Majority,74.69879518072288,0.0,0.0,0.0,0.5,0.25301204819277107,95.4
horizon,5,75,0,4,0.25301204819277107,Degree,81.52610441767068,100.0,26.984126984126984,42.5,0.9947943335040109,0.9836231566954503,95.4
horizon,5,75,0,4,0.25301204819277107,Eigenvector,80.32128514056225,100.0,22.22222222222222,36.36363636363637,0.9891619730329407,0.9697154608336732,95.4
horizon,5,75,0,4,0.25301204819277107,LogReg,95.98393574297188,86.3013698630137,100.0,92.64705882352942,0.9996586448199352,0.9990523572613124,95.4
horizon,5,75,0,4,0.25301204819277107,RandomForest,96.78714859437751,89.85507246376811,98.4126984126984,93.93939393939394,0.9976958525345622,0.9935938200858272,95.4
horizon,5,75,0,4,0.25301204819277107,MLP,100.0,100.0,100.0,100.0,1.0,1.0,95.4
horizon,5,75,0,4,0.25301204819277107,GCN,82.32931726907631,59.22330097087378,96.82539682539682,73.49397590361446,0.9803720771462707,0.9642077854128744,95.4
horizon,5,75,0,4,0.25301204819277107,GraphSAGE,99.19678714859438,98.4126984126984,98.4126984126984,98.4126984126984,0.9987199180747568,0.9966921350673961,95.4
horizon,5,75,0,4,0.25301204819277107,GAT-LR,97.18875502008032,93.75,95.23809523809523,94.48818897637796,0.993172896398703,0.9871472800269814,95.4
horizon,5,75,1,2,0.24899598393574296,Majority,75.1004016064257,0.0,0.0,0.0,0.5,0.24899598393574296,92.8
horizon,5,75,1,2,0.24899598393574296,Degree,80.72289156626506,100.0,22.58064516129032,36.84210526315789,0.991762980852165,0.9760129665688546,92.8
horizon,5,75,1,2,0.24899598393574296,Eigenvector,80.32128514056225,100.0,20.967741935483872,34.66666666666667,0.9861997584957736,0.9591729124984906,92.8
horizon,5,75,1,2,0.24899598393574296,LogReg,95.98393574297188,87.14285714285714,98.38709677419355,92.42424242424242,0.9973262032085561,0.9925847034828478,92.8
horizon,5,75,1,2,0.24899598393574296,RandomForest,97.18875502008032,92.3076923076923,96.7741935483871,94.48818897637796,0.9969811971709505,0.9915381858279574,92.8
horizon,5,75,1,2,0.24899598393574296,MLP,98.39357429718876,96.7741935483871,96.7741935483871,96.7741935483871,0.9973262032085561,0.9933988636119919,92.8
horizon,5,75,1,2,0.24899598393574296,GCN,85.54216867469879,64.77272727272727,91.93548387096774,76.0,0.966706917371054,0.9402510201337986,92.8
horizon,5,75,1,2,0.24899598393574296,GraphSAGE,97.59036144578313,93.75,96.7741935483871,95.23809523809523,0.9983612213213732,0.9955662875056597,92.8
horizon,5,75,1,2,0.24899598393574296,GAT-LR,96.3855421686747,92.06349206349206,93.54838709677419,92.80000000000001,0.9865447645333794,0.9543051303498825,92.8
horizon,5,75,1,1,0.24899598393574296,Majority,75.1004016064257,0.0,0.0,0.0,0.5,0.24899598393574296,95.1
horizon,5,75,1,1,0.24899598393574296,Degree,77.51004016064257,100.0,9.67741935483871,17.647058823529413,0.9945661549077109,0.9813795541638011,95.1
horizon,5,75,1,1,0.24899598393574296,Eigenvector,78.714859437751,100.0,14.516129032258066,25.352112676056336,0.9874935311367949,0.9612431920785801,95.1
horizon,5,75,1,1,0.24899598393574296,LogReg,97.59036144578313,91.17647058823529,100.0,95.38461538461539,0.9996549939623943,0.9989506103641821,95.1
horizon,5,75,1,1,0.24899598393574296,RandomForest,99.19678714859438,98.38709677419355,98.38709677419355,98.38709677419355,0.9993962394341901,0.998363721365124,95.1
horizon,5,75,1,1,0.24899598393574296,MLP,99.19678714859438,98.38709677419355,98.38709677419355,98.38709677419355,0.9991374849059858,0.9972868952566374,95.1
horizon,5,75,1,1,0.24899598393574296,GCN,75.50200803212851,50.42016806722689,96.7741935483871,66.29834254143645,0.9536829394514404,0.8778140526670523,95.1
horizon,5,75,1,1,0.24899598393574296,GraphSAGE,99.19678714859438,96.875,100.0,98.4126984126984,0.9978437122649646,0.9919296146707995,95.1
horizon,5,75,1,1,0.24899598393574296,GAT-LR,97.99196787148594,92.53731343283582,100.0,96.12403100775194,0.9947386579265137,0.9712925088086346,95.1
horizon,5,75,1,3,0.24899598393574296,Majority,75.1004016064257,0.0,0.0,0.0,0.5,0.24899598393574296,93.4
horizon,5,75,1,3,0.24899598393574296,Degree,76.30522088353415,100.0,4.838709677419355,9.230769230769232,0.9877522856649992,0.9625085941444642,93.4
horizon,5,75,1,3,0.24899598393574296,Eigenvector,77.10843373493977,100.0,8.064516129032258,14.925373134328357,0.9841297222701397,0.9476850151820659,93.4
horizon,5,75,1,3,0.24899598393574296,LogReg,97.18875502008032,93.65079365079364,95.16129032258065,94.39999999999999,0.9951699154735207,0.9850387679717707,93.4
horizon,5,75,1,3,0.24899598393574296,RandomForest,96.78714859437751,93.54838709677419,93.54838709677419,93.54838709677419,0.9926686217008798,0.9782767859616537,93.4
horizon,5,75,1,3,0.24899598393574296,MLP,97.99196787148594,96.72131147540983,95.16129032258065,95.9349593495935,0.9951699154735208,0.9858997520551624,93.4
horizon,5,75,1,3,0.24899598393574296,GCN,91.16465863453816,77.02702702702703,91.93548387096774,83.82352941176471,0.9811109194410902,0.9480471905709743,93.4
horizon,5,75,1,3,0.24899598393574296,GraphSAGE,97.18875502008032,93.65079365079364,95.16129032258065,94.39999999999999,0.9945661549077108,0.9831046837670869,93.4
horizon,5,75,1,3,0.24899598393574296,GAT-LR,94.77911646586345,82.66666666666667,100.0,90.51094890510949,0.9761083318958081,0.8843561002591053,93.4
horizon,5,75,1,4,0.25301204819277107,Majority,74.69879518072288,0.0,0.0,0.0,0.5,0.25301204819277107,93.7
horizon,5,75,1,4,0.25301204819277107,Degree,77.51004016064257,100.0,11.11111111111111,20.0,0.9941969619388974,0.9830048491579236,93.7
horizon,5,75,1,4,0.25301204819277107,Eigenvector,77.10843373493977,100.0,9.523809523809524,17.391304347826086,0.9909540877282813,0.9720662018327089,93.7
horizon,5,75,1,4,0.25301204819277107,LogReg,97.59036144578313,91.30434782608695,100.0,95.45454545454545,0.9980372077146271,0.9941308180844501,93.7
horizon,5,75,1,4,0.25301204819277107,RandomForest,98.39357429718876,95.38461538461539,98.4126984126984,96.875,0.9978665301245946,0.9937996685791716,93.7
horizon,5,75,1,4,0.25301204819277107,MLP,97.99196787148594,95.3125,96.82539682539682,96.06299212598425,0.9987199180747568,0.9961883529425667,93.7
horizon,5,75,1,4,0.25301204819277107,GCN,75.1004016064257,50.413223140495866,96.82539682539682,66.30434782608695,0.9255845707458611,0.8291406103277899,93.7
horizon,5,75,1,4,0.25301204819277107,GraphSAGE,97.99196787148594,95.3125,96.82539682539682,96.06299212598425,0.9980372077146271,0.9941554512374966,93.7
horizon,5,75,1,4,0.25301204819277107,GAT-LR,94.77911646586345,83.78378378378379,98.4126984126984,90.51094890510949,0.9826762246117084,0.93069620758122,93.7
horizon,5,75,2,1,0.24899598393574296,Majority,75.1004016064257,0.0,0.0,0.0,0.5,0.24899598393574296,100.0
horizon,5,75,2,1,0.24899598393574296,Degree,79.11646586345381,100.0,16.129032258064516,27.77777777777778,0.9893910643436261,0.966813997062577,100.0
horizon,5,75,2,1,0.24899598393574296,Eigenvector,77.91164658634538,100.0,11.29032258064516,20.28985507246377,0.9927548732102811,0.9684123972608655,100.0
horizon,5,75,2,1,0.24899598393574296,LogReg,97.18875502008032,93.65079365079364,95.16129032258065,94.39999999999999,0.9967224426427462,0.9890272251683752,100.0
horizon,5,75,2,1,0.24899598393574296,RandomForest,96.78714859437751,96.55172413793103,90.32258064516128,93.33333333333333,0.9961618078316371,0.9875176237750766,100.0
horizon,5,75,2,1,0.24899598393574296,MLP,97.18875502008032,96.61016949152543,91.93548387096774,94.21487603305785,0.9981024667931689,0.9945169533466094,100.0
horizon,5,75,2,1,0.24899598393574296,GCN,79.11646586345381,54.629629629629626,95.16129032258065,69.41176470588235,0.9313437985164741,0.8238427737942637,100.0
horizon,5,75,2,1,0.24899598393574296,GraphSAGE,97.18875502008032,93.65079365079364,95.16129032258065,94.39999999999999,0.9969811971709505,0.990360296522721,100.0
horizon,5,75,2,1,0.24899598393574296,GAT-LR,97.99196787148594,92.53731343283582,100.0,96.12403100775194,0.9925823701914783,0.9682035113266363,100.0
horizon,5,75,2,2,0.24899598393574296,Majority,75.1004016064257,0.0,0.0,0.0,0.5,0.24899598393574296,101.0
horizon,5,75,2,2,0.24899598393574296,Degree,81.52610441767068,100.0,25.806451612903224,41.02564102564102,0.9939623943419009,0.9814859791714269,101.0
horizon,5,75,2,2,0.24899598393574296,Eigenvector,82.32931726907631,100.0,29.03225806451613,45.0,0.9832672071761256,0.9527161388988011,101.0
horizon,5,75,2,2,0.24899598393574296,LogReg,96.78714859437751,89.70588235294117,98.38709677419355,93.84615384615384,0.9972399516991548,0.9922157341511462,101.0
horizon,5,75,2,2,0.24899598393574296,RandomForest,96.78714859437751,95.0,91.93548387096774,93.44262295081968,0.9961618078316371,0.988990018212625,101.0
horizon,5,75,2,2,0.24899598393574296,MLP,97.59036144578313,96.66666666666667,93.54838709677419,95.08196721311475,0.9968949456615491,0.9908480085861251,101.0
horizon,5,75,2,2,0.24899598393574296,GCN,83.53413654618474,60.396039603960396,98.38709677419355,74.84662576687117,0.9801621528376747,0.9571982776717346,101.0
horizon,5,75,2,2,0.24899598393574296,GraphSAGE,98.39357429718876,96.7741935483871,96.7741935483871,96.7741935483871,0.9981024667931689,0.9943020185494809,101.0
horizon,5,75,2,2,0.24899598393574296,GAT-LR,94.77911646586345,85.5072463768116,95.16129032258065,90.07633587786259,0.9813696739692944,0.9522976040672998,101.0
horizon,5,75,2,0,0.24899598393574296,Majority,75.1004016064257,0.0,0.0,0.0,0.5,0.24899598393574296,103.8
horizon,5,75,2,0,0.24899598393574296,Degree,77.10843373493977,100.0,8.064516129032258,14.925373134328357,0.995428670001725,0.9850124511155728,103.8
horizon,5,75,2,0,0.24899598393574296,Eigenvector,77.91164658634538,100.0,11.29032258064516,20.28985507246377,0.9830084526479214,0.9480520386445506,103.8
horizon,5,75,2,0,0.24899598393574296,LogReg,97.59036144578313,91.17647058823529,100.0,95.38461538461539,0.9995687424529929,0.9987025944911664,103.8
horizon,5,75,2,0,0.24899598393574296,RandomForest,97.99196787148594,93.84615384615384,98.38709677419355,96.06299212598425,0.9993531136794893,0.9981035756835422,103.8
horizon,5,75,2,0,0.24899598393574296,MLP,99.59839357429718,98.4126984126984,100.0,99.2,0.9999137484905986,0.9997439836149513,103.8
horizon,5,75,2,0,0.24899598393574296,GCN,85.54216867469879,64.13043478260869,95.16129032258065,76.62337662337663,0.9723132654821459,0.9437438446193694,103.8
horizon,5,75,2,0,0.24899598393574296,GraphSAGE,98.79518072289156,95.38461538461539,100.0,97.63779527559055,0.9996549939623943,0.9989839349718381,103.8
horizon,5,75,2,0,0.24899598393574296,GAT-LR,95.18072289156626,85.71428571428571,96.7741935483871,90.9090909090909,0.9852509918923581,0.916762484364263,103.8
horizon,5,75,2,4,0.25301204819277107,Majority,74.69879518072288,0.0,0.0,0.0,0.5,0.25301204819277107,101.0
horizon,5,75,2,4,0.25301204819277107,Degree,79.11646586345381,100.0,17.46031746031746,29.72972972972973,0.9895459976105138,0.9685866253138122,101.0
horizon,5,75,2,4,0.25301204819277107,Eigenvector,78.3132530120482,100.0,14.285714285714285,25.0,0.9881379074927462,0.9628483092267259,101.0
horizon,5,75,2,4,0.25301204819277107,LogReg,96.3855421686747,89.70588235294117,96.82539682539682,93.12977099236642,0.9961597542242703,0.9893689709829587,101.0
horizon,5,75,2,4,0.25301204819277107,RandomForest,96.78714859437751,92.3076923076923,95.23809523809523,93.75,0.994068953746373,0.9831021758898669,101.0
horizon,5,75,2,4,0.25301204819277107,MLP,97.99196787148594,96.7741935483871,95.23809523809523,96.0,0.995221027479092,0.9882177518804188,101.0
horizon,5,75,2,4,0.25301204819277107,GCN,74.29718875502009,49.60629921259843,100.0,66.3157894736842,0.9810547875064004,0.953576147872609,101.0
horizon,5,75,2,4,0.25301204819277107,GraphSAGE,97.59036144578313,95.23809523809523,95.23809523809523,95.23809523809523,0.9965011094043352,0.9918916391342862,101.0
horizon,5,75,2,4,0.25301204819277107,GAT-LR,96.78714859437751,89.85507246376811,98.4126984126984,93.93939393939394,0.9970131421744326,0.9918725710616517,101.0
horizon,5,75,2,3,0.24899598393574296,Majority,75.1004016064257,0.0,0.0,0.0,0.5,0.24899598393574296,102.1
horizon,5,75,2,3,0.24899598393574296,Degree,76.70682730923694,100.0,6.451612903225806,12.121212121212121,0.994393651888908,0.9820826375711342,102.1
horizon,5,75,2,3,0.24899598393574296,Eigenvector,78.3132530120482,100.0,12.903225806451612,22.857142857142858,0.9851647403829566,0.9557819904087747,102.1
horizon,5,75,2,3,0.24899598393574296,LogReg,97.18875502008032,89.85507246376811,100.0,94.65648854961832,0.9973262032085561,0.9917155000113619,102.1
horizon,5,75,2,3,0.24899598393574296,RandomForest,97.99196787148594,92.53731343283582,100.0,96.12403100775194,0.9962049335863378,0.9878193450770233,102.1
horizon,5,75,2,3,0.24899598393574296,MLP,97.59036144578313,92.42424242424242,98.38709677419355,95.3125,0.9971537001897534,0.9915843326055923,102.1
horizon,5,75,2,3,0.24899598393574296,GCN,82.32931726907631,58.65384615384615,98.38709677419355,73.49397590361446,0.9820596860445057,0.9663407474048791,102.1
horizon,5,75,2,3,0.24899598393574296,GraphSAGE,97.59036144578313,91.17647058823529,100.0,95.38461538461539,0.997929963774366,0.9934689272904513,102.1
horizon,5,75,2,3,0.24899598393574296,GAT-LR,97.18875502008032,89.85507246376811,100.0,94.65648854961832,0.9917198550974642,0.9633502164230975,102.1
