experiment,rep,fold,model,choice,accuracy,precision,recall,f1,roc_auc,pr_auc,task_seconds
tuning,0,0,GAT-LR,"(0.005, 16, 4, 0.2, 300)",98.39357429718876,95.3125,98.38709677419355,96.82539682539682,0.9981024667931688,0.9935439829821014,694.8
tuning,0,0,GraphSAGE,"(0.05, 8, 4, 0.2, 300)",99.59839357429718,98.4126984126984,100.0,99.2,1.0,1.0,694.8
tuning,0,0,MLP,"{'hidden_layer_sizes': (64, 32), 'alpha': 0.0001}",99.19678714859438,98.38709677419355,98.38709677419355,98.38709677419355,0.9999137484905986,0.9997439836149513,694.8
tuning,0,0,RandomForest,"{'n_estimators': 400, 'max_depth': None, 'min_samples_leaf': 1}",99.19678714859438,96.875,100.0,98.4126984126984,1.0,1.0,694.8
tuning,0,0,LogReg,{'C': 1.0},98.39357429718876,93.93939393939394,100.0,96.875,0.9995687424529929,0.998762337211869,694.8
tuning,0,0,Degree,none,79.11646586345381,100.0,16.129032258064516,27.77777777777778,0.9977143350008625,0.9931371662942924,694.8
tuning,1,0,GAT-LR,"(0.01, 8, 4, 0.2, 300)",95.58232931726907,88.05970149253731,95.16129032258065,91.47286821705426,0.994997412454718,0.9850635378635542,696.1
tuning,1,0,GraphSAGE,"(0.01, 8, 4, 0.2, 300)",100.0,100.0,100.0,100.0,1.0,1.0,696.1
tuning,1,0,MLP,"{'hidden_layer_sizes': (64, 32), 'alpha': 0.0001}",99.19678714859438,100.0,96.7741935483871,98.36065573770492,0.9996549939623943,0.9990224828934506,696.1
tuning,1,0,RandomForest,"{'n_estimators': 400, 'max_depth': None, 'min_samples_leaf': 5}",99.59839357429718,100.0,98.38709677419355,99.1869918699187,0.9994824909435915,0.9985768500948766,696.1
tuning,1,0,LogReg,{'C': 1.0},98.79518072289156,96.82539682539682,98.38709677419355,97.6,0.9997412454717957,0.9992358220603537,696.1
tuning,1,0,Degree,none,78.714859437751,100.0,14.516129032258066,25.352112676056336,0.9968949456615491,0.9904401066880258,696.1
tuning,1,1,GAT-LR,"(0.05, 8, 4, 0.2, 300)",97.59036144578313,95.16129032258065,95.16129032258065,95.16129032258065,0.9975849577367604,0.9926068190930201,696.5
tuning,1,1,GraphSAGE,"(0.01, 8, 4, 0.2, 300)",97.18875502008032,92.3076923076923,96.7741935483871,94.48818897637796,0.996894945661549,0.9912179034834696,696.5
tuning,1,1,MLP,"{'hidden_layer_sizes': (64, 32), 'alpha': 0.0001}",97.59036144578313,95.16129032258065,95.16129032258065,95.16129032258065,0.9974124547179576,0.9922263152060524,696.5
tuning,1,1,RandomForest,"{'n_estimators': 400, 'max_depth': None, 'min_samples_leaf': 1}",97.18875502008032,96.61016949152543,91.93548387096774,94.21487603305785,0.9968086941521477,0.9909499381822893,696.5
tuning,1,1,LogReg,{'C': 10.0},97.99196787148594,92.53731343283582,100.0,96.12403100775194,0.9978437122649647,0.9928594579445066,696.5
tuning,1,1,Degree,none,76.30522088353415,100.0,4.838709677419355,9.230769230769232,0.9935311367948939,0.9808663785830563,696.5
tuning,0,4,GAT-LR,"(0.01, 16, 4, 0.2, 300)",96.78714859437751,89.85507246376811,98.4126984126984,93.93939393939394,0.9977811913295784,0.9937537976567553,700.8
tuning,0,4,GraphSAGE,"(0.01, 8, 4, 0.2, 300)",99.19678714859438,100.0,96.82539682539682,98.38709677419355,0.9999146612049838,0.9997519841269842,700.8
tuning,0,4,MLP,"{'hidden_layer_sizes': (64, 32), 'alpha': 0.0001}",97.99196787148594,98.33333333333333,93.65079365079364,95.9349593495935,0.9988905956647892,0.9968533419475429,700.8
tuning,0,4,RandomForest,"{'n_estimators': 400, 'max_depth': None, 'min_samples_leaf': 1}",97.99196787148594,98.33333333333333,93.65079365079364,95.9349593495935,0.9982078853046594,0.9951880396881123,700.8
tuning,0,4,LogReg,{'C': 10.0},99.19678714859438,96.92307692307692,100.0,98.4375,0.9996586448199352,0.9990155677655677,700.8
tuning,0,4,Degree,none,77.51004016064257,100.0,11.11111111111111,20.0,0.9943676395289299,0.9839755080127583,700.8
tuning,0,2,GAT-LR,"(0.01, 32, 4, 0.2, 300)",97.59036144578313,92.42424242424242,98.38709677419355,95.3125,0.9895635673624288,0.9601212240158934,716.5
tuning,0,2,GraphSAGE,"(0.005, 16, 4, 0.2, 300)",98.79518072289156,95.38461538461539,100.0,97.63779527559055,0.999568742452993,0.9987435503564537,716.5
tuning,0,2,MLP,"{'hidden_layer_sizes': (32, 16), 'alpha': 0.01}",98.39357429718876,96.7741935483871,96.7741935483871,96.7741935483871,0.9994824909435914,0.9984507074026507,716.5
tuning,0,2,RandomForest,"{'n_estimators': 400, 'max_depth': None, 'min_samples_leaf': 1}",98.79518072289156,96.82539682539682,98.38709677419355,97.6,0.9995687424529929,0.9987195246069519,716.5
tuning,0,2,LogReg,{'C': 10.0},99.19678714859438,96.875,100.0,98.4126984126984,0.9993962394341901,0.9981948264043737,716.5
tuning,0,2,Degree,none,81.12449799196787,100.0,24.193548387096776,38.961038961038966,0.9981024667931688,0.9938695258831767,716.5
tuning,0,3,GAT-LR,"(0.01, 8, 8, 0.2, 300)",97.18875502008032,92.3076923076923,96.7741935483871,94.48818897637796,0.9911160945316543,0.9586612613523872,735.2
tuning,0,3,GraphSAGE,"(0.01, 8, 4, 0.2, 300)",97.18875502008032,89.85507246376811,100.0,94.65648854961832,0.994393651888908,0.982621730309551,735.2
tuning,0,3,MLP,"{'hidden_layer_sizes': (32, 16), 'alpha': 0.0001}",96.3855421686747,92.06349206349206,93.54838709677419,92.80000000000001,0.9963774366051406,0.9892593100892787,735.2
tuning,0,3,RandomForest,"{'n_estimators': 400, 'max_depth': None, 'min_samples_leaf': 1}",96.78714859437751,90.9090909090909,96.7741935483871,93.75,0.997498706227359,0.9929914964360613,735.2
tuning,0,3,LogReg,{'C': 10.0},97.18875502008032,91.04477611940298,98.38709677419355,94.57364341085271,0.9969811971709505,0.9907207247322338,735.2
tuning,0,3,Degree,none,77.91164658634538,100.0,11.29032258064516,20.28985507246377,0.9941348973607038,0.9809957509041166,735.2
tuning,0,1,GAT-LR,"(0.01, 8, 8, 0.2, 300)",97.99196787148594,92.53731343283582,100.0,96.12403100775194,0.9974124547179576,0.9896860051940933,741.5
tuning,0,1,GraphSAGE,"(0.05, 8, 4, 0.2, 300)",99.19678714859438,98.38709677419355,98.38709677419355,98.38709677419355,0.9959461790581334,0.9738233783079844,741.5
tuning,0,1,MLP,"{'hidden_layer_sizes': (32, 16), 'alpha': 0.01}",98.79518072289156,95.38461538461539,100.0,97.63779527559055,0.9994824909435915,0.9984995347394541,741.5
tuning,0,1,RandomForest,"{'n_estimators': 400, 'max_depth': None, 'min_samples_leaf': 1}",98.39357429718876,95.3125,98.38709677419355,96.82539682539682,0.9991374849059858,0.9975070649199796,741.5
tuning,0,1,LogReg,{'C': 10.0},97.59036144578313,91.17647058823529,100.0,95.38461538461539,0.9992237364153872,0.9977295941973919,741.5
tuning,0,1,Degree,none,76.70682730923694,100.0,6.451612903225806,12.121212121212121,0.9949111609453165,0.9828841647243829,741.5
tuning,1,2,GAT-LR,"(0.01, 8, 4, 0.2, 300)",97.99196787148594,93.84615384615384,98.38709677419355,96.06299212598425,0.9946524064171123,0.9854003124223609,680.6
tuning,1,2,GraphSAGE,"(0.01, 8, 4, 0.2, 300)",98.79518072289156,95.38461538461539,100.0,97.63779527559055,0.9998274969811971,0.9994838379333696,680.6
tuning,1,2,MLP,"{'hidden_layer_sizes': (16,), 'alpha': 0.0001}",97.18875502008032,93.65079365079364,95.16129032258065,94.39999999999999,0.9988787303777816,0.9967957205288693,680.6
tuning,1,2,RandomForest,"{'n_estimators': 400, 'max_depth': None, 'min_samples_leaf': 5}",97.59036144578313,91.17647058823529,100.0,95.38461538461539,0.9993099879247886,0.997921452976271,680.6
tuning,1,2,LogReg,{'C': 0.01},95.98393574297188,87.14285714285714,98.38709677419355,92.42424242424242,0.9990512333965844,0.9974434420140916,680.6
tuning,1,2,Degree,none,84.73895582329317,100.0,38.70967741935484,55.81395348837209,0.9946524064171123,0.9820744266052446,680.6
tuning,1,3,GAT-LR,"(0.01, 16, 4, 0.2, 300)",97.99196787148594,92.53731343283582,100.0,96.12403100775194,0.9945661549077108,0.9769973101680088,685.7
tuning,1,3,GraphSAGE,"(0.01, 16, 4, 0.2, 300)",98.79518072289156,95.38461538461539,100.0,97.63779527559055,0.9997412454717958,0.9992555831265508,685.7
tuning,1,3,MLP,"{'hidden_layer_sizes': (64, 32), 'alpha': 0.0001}",98.39357429718876,95.3125,98.38709677419355,96.82539682539682,0.9994824909435915,0.9984622098757817,685.7
tuning,1,3,RandomForest,"{'n_estimators': 400, 'max_depth': None, 'min_samples_leaf': 1}",98.39357429718876,93.93939393939394,100.0,96.875,0.999698119717095,0.9989954374449692,685.7
tuning,1,3,LogReg,{'C': 10.0},97.99196787148594,92.53731343283582,100.0,96.12403100775194,0.9993099879247888,0.997977222554166,685.7
tuning,1,3,Degree,none,77.10843373493977,100.0,8.064516129032258,14.925373134328357,0.9966793168880456,0.9889062921943965,685.7
tuning,2,1,GAT-LR,"(0.01, 16, 4, 0.2, 300)",96.3855421686747,92.06349206349206,93.54838709677419,92.80000000000001,0.9874935311367949,0.9598134701242558,683.3
tuning,2,1,GraphSAGE,"(0.01, 8, 4, 0.2, 300)",98.79518072289156,95.38461538461539,100.0,97.63779527559055,0.9991374849059859,0.997450422646518,683.3
tuning,2,1,MLP,"{'hidden_layer_sizes': (64, 32), 'alpha': 0.01}",97.99196787148594,96.72131147540983,95.16129032258065,95.9349593495935,0.9983612213213731,0.9952598581440437,683.3
tuning,2,1,RandomForest,"{'n_estimators': 400, 'max_depth': None, 'min_samples_leaf': 1}",96.78714859437751,92.1875,95.16129032258065,93.65079365079364,0.9978437122649646,0.9938809205737952,683.3
tuning,2,1,LogReg,{'C': 10.0},97.59036144578313,92.42424242424242,98.38709677419355,95.3125,0.9983612213213731,0.995212983348325,683.3
tuning,2,1,Degree,none,77.10843373493977,100.0,8.064516129032258,14.925373134328357,0.9949542867000173,0.9852929268399699,683.3
tuning,2,2,GAT-LR,"(0.01, 8, 4, 0.2, 300)",97.59036144578313,91.17647058823529,100.0,95.38461538461539,0.997929963774366,0.9923431796004937,673.7
tuning,2,2,GraphSAGE,"(0.01, 8, 4, 0.2, 300)",100.0,100.0,100.0,100.0,1.0,1.0,673.7
tuning,2,2,MLP,"{'hidden_layer_sizes': (64, 32), 'alpha': 0.0001}",98.39357429718876,98.33333333333333,95.16129032258065,96.72131147540983,0.9993962394341901,0.9982460397584669,673.7
tuning,2,2,RandomForest,"{'n_estimators': 400, 'max_depth': None, 'min_samples_leaf': 5}",99.19678714859438,98.38709677419355,98.38709677419355,98.38709677419355,0.9998274969811971,0.9994959677419355,673.7
tuning,2,2,LogReg,{'C': 10.0},99.19678714859438,96.875,100.0,98.4126984126984,0.9999137484905986,0.9997439836149513,673.7
tuning,2,2,Degree,none,76.70682730923694,100.0,6.451612903225806,12.121212121212121,0.9979730895290668,0.9927475234576003,673.7
tuning,1,4,GAT-LR,"(0.01, 8, 8, 0.2, 300)",97.99196787148594,93.93939393939394,98.4126984126984,96.12403100775194,0.997610513739546,0.9938961456026243,715.9
tuning,1,4,GraphSAGE,"(0.01, 16, 4, 0.2, 300)",99.19678714859438,98.4126984126984,98.4126984126984,98.4126984126984,0.9995733060249189,0.9987434171186784,715.9
tuning,1,4,MLP,"{'hidden_layer_sizes': (64, 32), 'alpha': 0.01}",98.39357429718876,100.0,93.65079365079364,96.72131147540983,0.999231950844854,0.9978515553572511,715.9
tuning,1,4,RandomForest,"{'n_estimators': 400, 'max_depth': 8, 'min_samples_leaf': 1}",99.19678714859438,98.4126984126984,98.4126984126984,98.4126984126984,0.999231950844854,0.9979047293947447,715.9
tuning,1,4,LogReg,{'C': 10.0},98.79518072289156,96.875,98.4126984126984,97.63779527559055,0.9988052568697731,0.9966361783662088,715.9
tuning,1,4,Degree,none,77.10843373493977,100.0,9.523809523809524,17.391304347826086,0.9973544973544973,0.9917120226766758,715.9
tuning,2,3,GAT-LR,"(0.01, 8, 4, 0.2, 300)",97.18875502008032,89.85507246376811,100.0,94.65648854961832,0.9907710884940486,0.9519103635227069,672.1
tuning,2,3,GraphSAGE,"(0.05, 8, 4, 0.2, 300)",98.79518072289156,95.38461538461539,100.0,97.63779527559055,0.9998274969811971,0.9994838379333697,672.1
tuning,2,3,MLP,"{'hidden_layer_sizes': (64, 32), 'alpha': 0.0001}",97.99196787148594,95.23809523809523,96.7741935483871,96.0,0.9986199758495774,0.9959819254170046,672.1
tuning,2,3,RandomForest,"{'n_estimators': 400, 'max_depth': None, 'min_samples_leaf': 1}",97.18875502008032,91.04477611940298,98.38709677419355,94.57364341085271,0.998404347076074,0.9957912340500766,672.1
tuning,2,3,LogReg,{'C': 10.0},96.78714859437751,88.57142857142857,100.0,93.93939393939394,0.9986199758495774,0.9959495096789484,672.1
tuning,2,3,Degree,none,77.10843373493977,100.0,8.064516129032258,14.925373134328357,0.9923236156632741,0.9780026734533497,672.1
tuning,2,0,GAT-LR,"(0.01, 8, 8, 0.2, 300)",98.79518072289156,96.82539682539682,98.38709677419355,97.6,0.9948249094359152,0.962513488169765,715.7
tuning,2,0,GraphSAGE,"(0.01, 8, 4, 0.2, 300)",100.0,100.0,100.0,100.0,1.0,1.0,715.7
tuning,2,0,MLP,"{'hidden_layer_sizes': (16,), 'alpha': 0.0001}",98.39357429718876,98.33333333333333,95.16129032258065,96.72131147540983,0.9994824909435914,0.9984507074026507,715.7
tuning,2,0,RandomForest,"{'n_estimators': 400, 'max_depth': None, 'min_samples_leaf': 5}",98.39357429718876,93.93939393939394,100.0,96.875,0.9993962394341901,0.9982351243745677,715.7
tuning,2,0,LogReg,{'C': 10.0},98.79518072289156,95.38461538461539,100.0,97.63779527559055,0.9994824909435915,0.9984791399915672,715.7
tuning,2,0,Degree,none,77.51004016064257,100.0,9.67741935483871,17.647058823529413,0.9956442987752286,0.9858278113050093,715.7
tuning,2,4,GAT-LR,"(0.01, 16, 4, 0.2, 300)",97.59036144578313,91.30434782608695,100.0,95.45454545454545,0.9883939238777949,0.9217661584252911,473.6
tuning,2,4,GraphSAGE,"(0.01, 32, 4, 0.2, 300)",98.39357429718876,94.02985074626866,100.0,96.92307692307692,0.9970984809694488,0.9886362393148338,473.6
tuning,2,4,MLP,"{'hidden_layer_sizes': (16,), 'alpha': 0.0001}",99.59839357429718,100.0,98.4126984126984,99.2,0.9996586448199352,0.9990523572613124,473.6
tuning,2,4,RandomForest,"{'n_estimators': 400, 'max_depth': None, 'min_samples_leaf': 5}",98.79518072289156,98.38709677419355,96.82539682539682,97.6,0.9997439836149514,0.9992596468786945,473.6
tuning,2,4,LogReg,{'C': 0.1},98.39357429718876,95.38461538461539,98.4126984126984,96.875,0.9994879672299027,0.9985809138470202,473.6
tuning,2,4,Degree,none,79.11646586345381,100.0,17.46031746031746,29.72972972972973,0.9987199180747568,0.9951223048494446,473.6
