model,rep,fold,accuracy,precision,recall,f1,roc_auc,pr_auc
Majority,0,0,75.1004016064257,0.0,0.0,0.0,0.5,0.24899598393574296
Centrality:DEGREE,0,0,79.11646586345381,100.0,16.129032258064516,27.77777777777778,0.9977143350008625,0.9931371662942924
Centrality:BETWEENNESS,0,0,76.30522088353415,100.0,4.838709677419355,9.230769230769232,0.9196135932378816,0.8041876766028715
Centrality:CLOSENESS,0,0,40.963855421686745,29.665071770334926,100.0,45.75645756457565,0.9836122132137312,0.9555915837693891
Centrality:EIGENVECTOR,0,0,85.54216867469879,100.0,41.935483870967744,59.09090909090909,0.994997412454718,0.9850109928365052
Centrality:CLUSTERING,0,0,63.45381526104418,10.81081081081081,6.451612903225806,8.080808080808081,0.46437812661721584,0.2156854351295032
RWR,0,0,79.51807228915662,100.0,17.741935483870968,30.136986301369863,0.9809384164222874,0.9499393879636202
LogReg,0,0,98.39357429718876,93.93939393939394,100.0,96.875,0.9995687424529929,0.998762337211869
RandomForest,0,0,99.19678714859438,96.875,100.0,98.4126984126984,1.0,1.0
GradBoost,0,0,98.79518072289156,98.36065573770492,96.7741935483871,97.5609756097561,0.9997412454717957,0.9992358220603537
MLP,0,0,98.79518072289156,96.82539682539682,98.38709677419355,97.6,0.9996549939623943,0.9990224828934506
GCN,0,0,87.14859437751004,66.30434782608695,98.38709677419355,79.22077922077922,0.9813696739692945,0.9524603579015364
GraphSAGE,0,0,100.0,100.0,100.0,100.0,1.0,1.0
GAT-LR,0,0,97.18875502008032,91.04477611940298,98.38709677419355,94.57364341085271,0.9827496981197171,0.8909305873685472
Majority,0,1,75.1004016064257,0.0,0.0,0.0,0.5,0.24899598393574296
Centrality:DEGREE,0,1,76.70682730923694,100.0,6.451612903225806,12.121212121212121,0.9949111609453165,0.9828841647243829
Centrality:BETWEENNESS,0,1,75.90361445783132,100.0,3.225806451612903,6.25,0.9159910298430223,0.7910688543968871
Centrality:CLOSENESS,0,1,56.62650602409639,36.470588235294116,100.0,53.44827586206896,0.9784802484043471,0.9428083493764983
Centrality:EIGENVECTOR,0,1,79.51807228915662,100.0,17.741935483870968,30.136986301369863,0.9961186820769363,0.9887288803221744
Centrality:CLUSTERING,0,1,65.86345381526104,4.0,1.6129032258064515,2.2988505747126435,0.5826289460065551,0.2623825364443891
RWR,0,1,76.30522088353415,100.0,4.838709677419355,9.230769230769232,0.9799033983094705,0.9468137086304284
LogReg,0,1,97.99196787148594,92.53731343283582,100.0,96.12403100775194,0.9996549939623943,0.9989839349718381
RandomForest,0,1,98.39357429718876,95.3125,98.38709677419355,96.82539682539682,0.9991374849059858,0.9975070649199796
GradBoost,0,1,97.59036144578313,93.75,96.7741935483871,95.23809523809523,0.9987924788683803,0.996443180560647
MLP,0,1,98.39357429718876,95.3125,98.38709677419355,96.82539682539682,0.999568742452993,0.9987435503564535
GCN,0,1,83.93574297188755,61.0,98.38709677419355,75.30864197530865,0.9861135069863722,0.9666034846302802
GraphSAGE,0,1,97.99196787148594,92.53731343283582,100.0,96.12403100775194,0.9990512333965844,0.9969882094740806
GAT-LR,0,1,73.09236947791165,48.06201550387597,100.0,64.92146596858639,0.9371226496463687,0.8230244091987327
Majority,0,2,75.1004016064257,0.0,0.0,0.0,0.5,0.24899598393574296
Centrality:DEGREE,0,2,81.12449799196787,100.0,24.193548387096776,38.961038961038966,0.9981024667931688,0.9938695258831767
Centrality:BETWEENNESS,0,2,75.50200803212851,66.66666666666666,3.225806451612903,6.153846153846154,0.9147835087114025,0.7571208545806553
Centrality:CLOSENESS,0,2,43.373493975903614,30.541871921182267,100.0,46.79245283018868,0.9818009315163015,0.9515412235925388
Centrality:EIGENVECTOR,0,2,79.91967871485943,100.0,19.35483870967742,32.432432432432435,0.9946524064171123,0.9837818743051484
Centrality:CLUSTERING,0,2,66.26506024096386,13.333333333333334,6.451612903225806,8.695652173913043,0.5338968431947559,0.2404229770478344
RWR,0,2,79.51807228915662,100.0,17.741935483870968,30.136986301369863,0.9863722615145765,0.9606612140289778
LogReg,0,2,98.79518072289156,95.38461538461539,100.0,97.63779527559055,0.9991374849059859,0.9974370527438869
RandomForest,0,2,98.79518072289156,96.82539682539682,98.38709677419355,97.6,0.9995687424529929,0.9987195246069519
GradBoost,0,2,97.99196787148594,96.72131147540983,95.16129032258065,95.9349593495935,0.9986631016042781,0.995940135924998
MLP,0,2,98.39357429718876,96.7741935483871,96.7741935483871,96.7741935483871,0.9994824909435914,0.9984507074026507
GCN,0,2,89.95983935742971,72.8395061728395,95.16129032258065,82.51748251748252,0.9842159737795411,0.959883237358132
GraphSAGE,0,2,98.79518072289156,95.38461538461539,100.0,97.63779527559055,0.9996549939623943,0.9989839349718382
GAT-LR,0,2,97.18875502008032,91.04477611940298,98.38709677419355,94.57364341085271,0.9899948249094358,0.9564183964840849
Majority,0,3,75.1004016064257,0.0,0.0,0.0,0.5,0.24899598393574296
Centrality:DEGREE,0,3,77.91164658634538,100.0,11.29032258064516,20.28985507246377,0.9941348973607038,0.9809957509041166
Centrality:BETWEENNESS,0,3,76.70682730923694,100.0,6.451612903225806,12.121212121212121,0.927376229084009,0.8323014691284829
Centrality:CLOSENESS,0,3,63.05220883534136,40.25974025974026,100.0,57.407407407407405,0.9806796618940832,0.9506536847534384
Centrality:EIGENVECTOR,0,3,78.714859437751,100.0,14.516129032258066,25.352112676056336,0.9852509918923581,0.9562954927582843
Centrality:CLUSTERING,0,3,68.67469879518072,5.555555555555555,1.6129032258064515,2.5,0.500733137829912,0.2286232511993217
RWR,0,3,77.10843373493977,100.0,8.064516129032258,14.925373134328357,0.9787821286872521,0.9430481768591041
LogReg,0,3,96.78714859437751,89.70588235294117,98.38709677419355,93.84615384615384,0.9969811971709506,0.9907497809327251
RandomForest,0,3,96.78714859437751,90.9090909090909,96.7741935483871,93.75,0.997498706227359,0.9929914964360613
GradBoost,0,3,97.18875502008032,92.3076923076923,96.7741935483871,94.48818897637796,0.9981024667931688,0.9947248899151905
MLP,0,3,96.3855421686747,92.06349206349206,93.54838709677419,92.80000000000001,0.9963774366051406,0.9892593100892787
GCN,0,3,81.92771084337349,58.94736842105262,90.32258064516128,71.3375796178344,0.9434190098326721,0.8701680653003554
GraphSAGE,0,3,97.18875502008032,89.85507246376811,100.0,94.65648854961832,0.994393651888908,0.982621730309551
GAT-LR,0,3,96.3855421686747,88.40579710144928,98.38709677419355,93.12977099236642,0.9918923581162671,0.9710656466485743
Majority,0,4,74.69879518072288,0.0,0.0,0.0,0.5,0.25301204819277107
Centrality:DEGREE,0,4,77.51004016064257,100.0,11.11111111111111,20.0,0.9943676395289299,0.9839755080127583
Centrality:BETWEENNESS,0,4,77.10843373493977,100.0,9.523809523809524,17.391304347826086,0.8742959549411162,0.7452076553568737
Centrality:CLOSENESS,0,4,53.01204819277109,35.0,100.0,51.85185185185185,0.9763184843830005,0.9401611753155793
Centrality:EIGENVECTOR,0,4,77.10843373493977,100.0,9.523809523809524,17.391304347826086,0.9962450930192865,0.9902095663610104
Centrality:CLUSTERING,0,4,66.66666666666666,14.285714285714285,6.349206349206349,8.791208791208792,0.5703191670933606,0.2688329952492057
RWR,0,4,78.714859437751,100.0,15.873015873015872,27.397260273972602,0.9743130227001194,0.9380004665801519
LogReg,0,4,98.79518072289156,96.875,98.4126984126984,97.63779527559055,0.9996586448199352,0.999026546645594
RandomForest,0,4,97.99196787148594,98.33333333333333,93.65079365079364,95.9349593495935,0.9982078853046594,0.9951880396881123
GradBoost,0,4,99.19678714859438,100.0,96.82539682539682,98.38709677419355,0.9990612732548216,0.997478890436637
MLP,0,4,98.39357429718876,100.0,93.65079365079364,96.72131147540983,0.9988052568697731,0.9965904507815488
GCN,0,4,84.33734939759037,62.244897959183675,96.82539682539682,75.77639751552795,0.9856630824372761,0.9709163417836324
GraphSAGE,0,4,99.19678714859438,100.0,96.82539682539682,98.38709677419355,0.9999146612049838,0.9997519841269842
GAT-LR,0,4,94.77911646586345,94.64285714285714,84.12698412698413,89.07563025210085,0.9860044376173408,0.9597371248464126
Majority,1,0,75.1004016064257,0.0,0.0,0.0,0.5,0.24899598393574296
Centrality:DEGREE,1,0,78.714859437751,100.0,14.516129032258066,25.352112676056336,0.9968949456615491,0.9904401066880258
Centrality:BETWEENNESS,1,0,77.10843373493977,100.0,8.064516129032258,14.925373134328357,0.9339313437985165,0.8206693701337988
Centrality:CLOSENESS,1,0,46.98795180722892,31.958762886597935,100.0,48.4375,0.9879679144385027,0.9665202529604504
Centrality:EIGENVECTOR,1,0,79.51807228915662,100.0,17.741935483870968,30.136986301369863,0.9965499396239434,0.990284938818959
Centrality:CLUSTERING,1,0,67.46987951807229,4.761904761904762,1.6129032258064515,2.4096385542168677,0.5522252889425565,0.24792932901063086
RWR,1,0,78.714859437751,100.0,14.516129032258066,25.352112676056336,0.9875797826461964,0.9674885785901639
LogReg,1,0,98.79518072289156,96.82539682539682,98.38709677419355,97.6,0.9997412454717957,0.9992358220603537
RandomForest,1,0,99.19678714859438,100.0,96.7741935483871,98.36065573770492,0.9996549939623943,0.9989954374449692
GradBoost,1,0,99.59839357429718,100.0,98.38709677419355,99.1869918699187,0.9998274969811972,0.9994959677419355
MLP,1,0,99.19678714859438,100.0,96.7741935483871,98.36065573770492,0.9996549939623943,0.9990224828934506
GCN,1,0,89.1566265060241,70.58823529411765,96.7741935483871,81.63265306122449,0.9795583922718648,0.9461485778899349
GraphSAGE,1,0,100.0,100.0,100.0,100.0,1.0,1.0
GAT-LR,1,0,95.98393574297188,89.39393939393939,95.16129032258065,92.1875,0.9950836639641194,0.9853447381078996
Majority,1,1,75.1004016064257,0.0,0.0,0.0,0.5,0.24899598393574296
Centrality:DEGREE,1,1,76.30522088353415,100.0,4.838709677419355,9.230769230769232,0.9935311367948939,0.9808663785830563
Centrality:BETWEENNESS,1,1,75.90361445783132,100.0,3.225806451612903,6.25,0.8625150940141453,0.7038165456639466
Centrality:CLOSENESS,1,1,53.01204819277109,34.63687150837989,100.0,51.45228215767634,0.9586855269967224,0.9002041410041887
Centrality:EIGENVECTOR,1,1,76.70682730923694,100.0,6.451612903225806,12.121212121212121,0.9850784888735552,0.955652398714479
Centrality:CLUSTERING,1,1,66.26506024096386,10.714285714285714,4.838709677419355,6.666666666666667,0.581162670346731,0.2671545708654107
RWR,1,1,76.30522088353415,100.0,4.838709677419355,9.230769230769232,0.9693807141624979,0.92481045253651
LogReg,1,1,98.39357429718876,93.93939393939394,100.0,96.875,0.997498706227359,0.9918182156964876
RandomForest,1,1,97.18875502008032,96.61016949152543,91.93548387096774,94.21487603305785,0.9968086941521477,0.9909499381822893
GradBoost,1,1,97.59036144578313,98.27586206896551,91.93548387096774,95.0,0.9978437122649646,0.9933629189152016
MLP,1,1,97.99196787148594,95.23809523809523,96.7741935483871,96.0,0.9978437122649647,0.9928594579445067
GCN,1,1,72.28915662650603,47.199999999999996,95.16129032258065,63.101604278074866,0.9206486113506986,0.8282783684255357
GraphSAGE,1,1,97.18875502008032,92.3076923076923,96.7741935483871,94.48818897637796,0.996894945661549,0.9912179034834696
GAT-LR,1,1,97.18875502008032,95.08196721311475,93.54838709677419,94.3089430894309,0.9946524064171123,0.9809683368313831
Majority,1,2,75.1004016064257,0.0,0.0,0.0,0.5,0.24899598393574296
Centrality:DEGREE,1,2,84.73895582329317,100.0,38.70967741935484,55.81395348837209,0.9946524064171123,0.9820744266052446
Centrality:BETWEENNESS,1,2,75.1004016064257,50.0,1.6129032258064515,3.125,0.8893393134379851,0.721719897646591
Centrality:CLOSENESS,1,2,46.58634538152611,31.794871794871792,100.0,48.249027237354085,0.9773158530274281,0.9390598448597345
Centrality:EIGENVECTOR,1,2,82.73092369477911,100.0,30.64516129032258,46.913580246913575,0.9945661549077109,0.9835295644190568
Centrality:CLUSTERING,1,2,63.85542168674698,13.157894736842104,8.064516129032258,10.0,0.4791271347248577,0.22174233814100017
RWR,1,2,87.14859437751004,100.0,48.38709677419355,65.21739130434783,0.9739520441607729,0.9308121447267154
LogReg,1,2,96.78714859437751,88.57142857142857,100.0,93.93939393939394,0.9993962394341901,0.998316704413295
RandomForest,1,2,97.99196787148594,92.53731343283582,100.0,96.12403100775194,0.998964981887183,0.9969499526367922
GradBoost,1,2,97.99196787148594,93.84615384615384,98.38709677419355,96.06299212598425,0.9982749698119717,0.9949648164645534
MLP,1,2,97.59036144578313,93.75,96.7741935483871,95.23809523809523,0.9983612213213732,0.995547416527195
GCN,1,2,78.714859437751,54.054054054054056,96.7741935483871,69.36416184971098,0.9791271347248577,0.9625527452032219
GraphSAGE,1,2,98.79518072289156,95.38461538461539,100.0,97.63779527559055,0.9998274969811971,0.9994838379333696
GAT-LR,1,2,96.3855421686747,100.0,85.48387096774194,92.17391304347827,0.9955149215111264,0.9901774946789723
Majority,1,3,75.1004016064257,0.0,0.0,0.0,0.5,0.24899598393574296
Centrality:DEGREE,1,3,77.10843373493977,100.0,8.064516129032258,14.925373134328357,0.9966793168880456,0.9889062921943965
Centrality:BETWEENNESS,1,3,75.50200803212851,100.0,1.6129032258064515,3.1746031746031744,0.9365188890805589,0.8579524316102639
Centrality:CLOSENESS,1,3,57.831325301204814,37.12574850299401,100.0,54.14847161572053,0.9872347766085906,0.9661037700733828
Centrality:EIGENVECTOR,1,3,78.3132530120482,100.0,12.903225806451612,22.857142857142858,0.9954286700017251,0.985895474217722
Centrality:CLUSTERING,1,3,67.06827309236948,8.333333333333332,3.225806451612903,4.651162790697675,0.5175090564084871,0.23380041813166014
RWR,1,3,76.70682730923694,100.0,6.451612903225806,12.121212121212121,0.9841297222701397,0.9610128066769946
LogReg,1,3,97.59036144578313,91.17647058823529,100.0,95.38461538461539,0.9992237364153873,0.9977104261719897
RandomForest,1,3,98.39357429718876,93.93939393939394,100.0,96.875,0.999698119717095,0.9989954374449692
GradBoost,1,3,98.39357429718876,93.93939393939394,100.0,96.875,0.9997412454717958,0.9992358220603537
MLP,1,3,98.39357429718876,95.3125,98.38709677419355,96.82539682539682,0.9992237364153873,0.9978004069598929
GCN,1,3,91.16465863453816,75.0,96.7741935483871,84.50704225352112,0.990426082456443,0.9766651378153688
GraphSAGE,1,3,98.79518072289156,95.38461538461539,100.0,97.63779527559055,0.999568742452993,0.9987435503564535
GAT-LR,1,3,95.58232931726907,84.93150684931507,100.0,91.85185185185185,0.9807659134034846,0.8991248711099671
Majority,1,4,74.69879518072288,0.0,0.0,0.0,0.5,0.25301204819277107
Centrality:DEGREE,1,4,77.10843373493977,100.0,9.523809523809524,17.391304347826086,0.9973544973544973,0.9917120226766758
Centrality:BETWEENNESS,1,4,75.1004016064257,100.0,1.5873015873015872,3.125,0.9286567673664448,0.8233789641435698
Centrality:CLOSENESS,1,4,73.09236947791165,48.46153846153846,100.0,65.28497409326425,0.9834442737668544,0.956073954132562
Centrality:EIGENVECTOR,1,4,79.11646586345381,100.0,17.46031746031746,29.72972972972973,0.9938556067588326,0.9825694031717569
Centrality:CLUSTERING,1,4,66.26506024096386,11.11111111111111,4.761904761904762,6.666666666666667,0.5211640211640212,0.24015607637514616
RWR,1,4,76.30522088353415,100.0,6.349206349206349,11.940298507462686,0.9824202082266599,0.9500322799410025
LogReg,1,4,98.39357429718876,95.38461538461539,98.4126984126984,96.875,0.9988905956647892,0.9968993176555312
RandomForest,1,4,99.19678714859438,98.4126984126984,98.4126984126984,98.4126984126984,0.9993172896398703,0.9981117687322189
GradBoost,1,4,98.39357429718876,98.36065573770492,95.23809523809523,96.7741935483871,0.9995733060249188,0.9987705302605456
MLP,1,4,98.39357429718876,100.0,93.65079365079364,96.72131147540983,0.999231950844854,0.9979047293947448
GCN,1,4,77.10843373493977,52.67857142857143,93.65079365079364,67.42857142857143,0.9470046082949308,0.8861474299779077
GraphSAGE,1,4,99.19678714859438,100.0,96.82539682539682,98.38709677419355,1.0,1.0
GAT-LR,1,4,98.79518072289156,95.45454545454545,100.0,97.67441860465115,0.9949650110940433,0.9761393854637148
Majority,2,0,75.1004016064257,0.0,0.0,0.0,0.5,0.24899598393574296
Centrality:DEGREE,2,0,77.51004016064257,100.0,9.67741935483871,17.647058823529413,0.9956442987752286,0.9858278113050093
Centrality:BETWEENNESS,2,0,76.30522088353415,100.0,4.838709677419355,9.230769230769232,0.8927893738140418,0.74751466191238
Centrality:CLOSENESS,2,0,44.57831325301205,31.0,100.0,47.32824427480916,0.9827065723650164,0.95359724458552
Centrality:EIGENVECTOR,2,0,78.714859437751,100.0,14.516129032258066,25.352112676056336,0.9901673279282387,0.9714426183097522
Centrality:CLUSTERING,2,0,65.06024096385542,12.121212121212121,6.451612903225806,8.421052631578947,0.5661980334655856,0.253823194235522
RWR,2,0,78.714859437751,100.0,14.516129032258066,25.352112676056336,0.97317578057616,0.9212663940469469
LogReg,2,0,98.39357429718876,93.93939393939394,100.0,96.875,0.9997412454717958,0.9992194275684834
RandomForest,2,0,97.99196787148594,96.72131147540983,95.16129032258065,95.9349593495935,0.9992237364153873,0.997721341555889
GradBoost,2,0,98.79518072289156,100.0,95.16129032258065,97.52066115702479,0.998533724340176,0.9959760491085092
MLP,2,0,98.39357429718876,98.33333333333333,95.16129032258065,96.72131147540983,0.9997412454717958,0.9992194275684834
GCN,2,0,83.13253012048193,60.0,96.7741935483871,74.07407407407408,0.9832672071761255,0.9662528599076018
GraphSAGE,2,0,100.0,100.0,100.0,100.0,1.0,1.0
GAT-LR,2,0,98.39357429718876,95.3125,98.38709677419355,96.82539682539682,0.9974987062273589,0.9915076470992867
Majority,2,1,75.1004016064257,0.0,0.0,0.0,0.5,0.24899598393574296
Centrality:DEGREE,2,1,77.10843373493977,100.0,8.064516129032258,14.925373134328357,0.9949542867000173,0.9852929268399699
Centrality:BETWEENNESS,2,1,75.90361445783132,100.0,3.225806451612903,6.25,0.9322925651198896,0.8352656804624408
Centrality:CLOSENESS,2,1,63.05220883534136,40.25974025974026,100.0,57.407407407407405,0.9865447645333792,0.9665950089178388
Centrality:EIGENVECTOR,2,1,77.51004016064257,100.0,9.67741935483871,17.647058823529413,0.9938761428324996,0.9799739388128568
Centrality:CLUSTERING,2,1,63.45381526104418,6.0606060606060606,3.225806451612903,4.2105263157894735,0.43255131964809385,0.2059832521414812
RWR,2,1,77.51004016064257,100.0,9.67741935483871,17.647058823529413,0.9785233741590478,0.9479189288772948
LogReg,2,1,97.18875502008032,91.04477611940298,98.38709677419355,94.57364341085271,0.9981887183025703,0.9947510125234509
RandomForest,2,1,96.78714859437751,92.1875,95.16129032258065,93.65079365079364,0.9978437122649646,0.9938809205737952
GradBoost,2,1,97.18875502008032,95.08196721311475,93.54838709677419,94.3089430894309,0.9984474728307746,0.995439577673435
MLP,2,1,97.99196787148594,95.23809523809523,96.7741935483871,96.0,0.9980162152837675,0.9942638553420078
GCN,2,1,76.30522088353415,51.45631067961165,85.48387096774194,64.24242424242425,0.9073658789028808,0.7992958217311779
GraphSAGE,2,1,98.79518072289156,95.38461538461539,100.0,97.63779527559055,0.9991374849059859,0.997450422646518
GAT-LR,2,1,97.18875502008032,92.3076923076923,96.7741935483871,94.48818897637796,0.9899948249094359,0.9495694471240465
Majority,2,2,75.1004016064257,0.0,0.0,0.0,0.5,0.24899598393574296
Centrality:DEGREE,2,2,76.70682730923694,100.0,6.451612903225806,12.121212121212121,0.9979730895290668,0.9927475234576003
Centrality:BETWEENNESS,2,2,75.50200803212851,100.0,1.6129032258064515,3.1746031746031744,0.8998619975849578,0.7583084502785001
Centrality:CLOSENESS,2,2,56.62650602409639,36.470588235294116,100.0,53.44827586206896,0.9725720200103501,0.9269925448780292
Centrality:EIGENVECTOR,2,2,78.3132530120482,100.0,12.903225806451612,22.857142857142858,0.9930136277384853,0.9805724220966117
Centrality:CLUSTERING,2,2,65.06024096385542,12.121212121212121,6.451612903225806,8.421052631578947,0.5166034155597723,0.23423732965741792
RWR,2,2,76.30522088353415,100.0,4.838709677419355,9.230769230769232,0.9809384164222874,0.9485982158257553
LogReg,2,2,99.19678714859438,96.875,100.0,98.4126984126984,0.9999137484905986,0.9997439836149513
RandomForest,2,2,100.0,100.0,100.0,100.0,1.0,1.0
GradBoost,2,2,98.79518072289156,98.36065573770492,96.7741935483871,97.5609756097561,0.9998274969811972,0.9994838379333697
MLP,2,2,98.39357429718876,98.33333333333333,95.16129032258065,96.72131147540983,0.9992237364153873,0.9977640167430033
GCN,2,2,80.32128514056225,56.074766355140184,96.7741935483871,71.00591715976331,0.9749870622735898,0.9508245438787304
GraphSAGE,2,2,100.0,100.0,100.0,100.0,1.0,1.0
GAT-LR,2,2,97.59036144578313,91.17647058823529,100.0,95.38461538461539,0.997929963774366,0.9923431796004937
Majority,2,3,75.1004016064257,0.0,0.0,0.0,0.5,0.24899598393574296
Centrality:DEGREE,2,3,77.10843373493977,100.0,8.064516129032258,14.925373134328357,0.9923236156632741,0.9780026734533497
Centrality:BETWEENNESS,2,3,75.50200803212851,100.0,1.6129032258064515,3.1746031746031744,0.9378989132309815,0.8359291597151337
Centrality:CLOSENESS,2,3,69.87951807228916,45.25547445255474,100.0,62.311557788944725,0.9827496981197171,0.9567897318250247
Centrality:EIGENVECTOR,2,3,78.3132530120482,100.0,12.903225806451612,22.857142857142858,0.9932723822666897,0.979837241404581
Centrality:CLUSTERING,2,3,68.27309236947792,5.263157894736842,1.6129032258064515,2.4691358024691357,0.5125927203726065,0.2356223433364216
RWR,2,3,76.70682730923694,100.0,6.451612903225806,12.121212121212121,0.983353458685527,0.9591030759486769
LogReg,2,3,96.3855421686747,87.32394366197182,100.0,93.23308270676691,0.9986199758495774,0.995847120518871
RandomForest,2,3,97.18875502008032,91.04477611940298,98.38709677419355,94.57364341085271,0.998404347076074,0.9957912340500766
GradBoost,2,3,97.99196787148594,93.84615384615384,98.38709677419355,96.06299212598425,0.9987924788683801,0.9966661988279049
MLP,2,3,97.59036144578313,93.75,96.7741935483871,95.23809523809523,0.998533724340176,0.9956911939884077
GCN,2,3,83.13253012048193,59.61538461538461,100.0,74.69879518072288,0.9912023460410557,0.975100725703386
GraphSAGE,2,3,99.19678714859438,96.875,100.0,98.4126984126984,0.9995687424529929,0.9987195246069518
GAT-LR,2,3,96.78714859437751,89.70588235294117,98.38709677419355,93.84615384615384,0.9905985854752458,0.952202170919272
Majority,2,4,74.69879518072288,0.0,0.0,0.0,0.5,0.25301204819277107
Centrality:DEGREE,2,4,79.11646586345381,100.0,17.46031746031746,29.72972972972973,0.9987199180747568,0.9951223048494446
Centrality:BETWEENNESS,2,4,75.90361445783132,100.0,4.761904761904762,9.090909090909092,0.9002389486260455,0.7826725289697971
Centrality:CLOSENESS,2,4,63.05220883534136,40.64516129032258,100.0,57.798165137614674,0.9781959378733572,0.942041837882901
Centrality:EIGENVECTOR,2,4,79.51807228915662,100.0,19.047619047619047,32.0,0.9958183990442055,0.9870705118948985
Centrality:CLUSTERING,2,4,69.07630522088354,15.0,4.761904761904762,7.228915662650602,0.6194743130227001,0.2875406101612068
RWR,2,4,77.91164658634538,100.0,12.698412698412698,22.535211267605636,0.98489503328213,0.9596824654626952
LogReg,2,4,98.39357429718876,95.38461538461539,98.4126984126984,96.875,0.9995733060249189,0.9988004046284074
RandomForest,2,4,99.19678714859438,98.4126984126984,98.4126984126984,98.4126984126984,0.9994879672299026,0.9985809138470203
GradBoost,2,4,98.79518072289156,96.875,98.4126984126984,97.63779527559055,0.9992746202423621,0.9979047293947447
MLP,2,4,99.19678714859438,98.4126984126984,98.4126984126984,98.4126984126984,0.9996586448199352,0.9990265466455942
GCN,2,4,79.51807228915662,55.35714285714286,98.4126984126984,70.85714285714285,0.9886499402628435,0.974545697169407
GraphSAGE,2,4,99.19678714859438,98.4126984126984,98.4126984126984,98.4126984126984,0.9997439836149513,0.9992784992784993
GAT-LR,2,4,98.79518072289156,96.875,98.4126984126984,97.63779527559055,0.9997439836149513,0.9992784992784992
Majority,3,0,75.1004016064257,0.0,0.0,0.0,0.5,0.24899598393574296
Centrality:DEGREE,3,0,77.10843373493977,100.0,8.064516129032258,14.925373134328357,0.996463688114542,0.9880772613827616
Centrality:BETWEENNESS,3,0,75.50200803212851,100.0,1.6129032258064515,3.1746031746031744,0.864757633258582,0.7166851736931766
Centrality:CLOSENESS,3,0,46.1847389558233,31.63265306122449,100.0,48.06201550387597,0.9613161980334657,0.897521413088969
Centrality:EIGENVECTOR,3,0,77.10843373493977,100.0,8.064516129032258,14.925373134328357,0.9901673279282387,0.9701700599650468
Centrality:CLUSTERING,3,0,65.86345381526104,12.903225806451612,6.451612903225806,8.60215053763441,0.5623598412972227,0.257021757246225
RWR,3,0,77.51004016064257,100.0,9.67741935483871,17.647058823529413,0.9747283077453855,0.9270746084428451
LogReg,3,0,97.59036144578313,91.17647058823529,100.0,95.38461538461539,0.9987062273589787,0.9962067912545052
RandomForest,3,0,97.99196787148594,95.23809523809523,96.7741935483871,96.0,0.9987924788683803,0.9966549200517543
GradBoost,3,0,98.39357429718876,96.7741935483871,96.7741935483871,96.7741935483871,0.998533724340176,0.9959142712416822
MLP,3,0,97.99196787148594,98.30508474576271,93.54838709677419,95.86776859504133,0.9987062273589787,0.9963220534409224
GCN,3,0,87.55020080321285,67.41573033707866,96.7741935483871,79.47019867549669,0.980852164912886,0.9509868121392231
GraphSAGE,3,0,99.59839357429718,98.4126984126984,100.0,99.2,1.0,1.0
GAT-LR,3,0,95.58232931726907,93.22033898305084,88.70967741935483,90.9090909090909,0.9867172675521823,0.9599956405579347
Majority,3,1,75.1004016064257,0.0,0.0,0.0,0.5,0.24899598393574296
Centrality:DEGREE,3,1,77.91164658634538,100.0,11.29032258064516,20.28985507246377,0.9968949456615491,0.9900418519952789
Centrality:BETWEENNESS,3,1,77.10843373493977,100.0,8.064516129032258,14.925373134328357,0.9335000862515094,0.8298187452287821
Centrality:CLOSENESS,3,1,59.43775100401606,38.036809815950924,100.0,55.111111111111114,0.9789977574607556,0.9496263451474437
Centrality:EIGENVECTOR,3,1,78.3132530120482,100.0,12.903225806451612,22.857142857142858,0.9949111609453165,0.9847184978956963
Centrality:CLUSTERING,3,1,63.85542168674698,3.3333333333333335,1.6129032258064515,2.1739130434782608,0.48792478868380196,0.22238013718690147
RWR,3,1,79.91967871485943,100.0,19.35483870967742,32.432432432432435,0.9830947041573228,0.950451805065469
LogReg,3,1,97.99196787148594,93.84615384615384,98.38709677419355,96.06299212598425,0.9981887183025704,0.9946669639404889
RandomForest,3,1,98.79518072289156,96.82539682539682,98.38709677419355,97.6,0.9992237364153873,0.9977510805369791
GradBoost,3,1,98.79518072289156,96.82539682539682,98.38709677419355,97.6,0.9990512333965845,0.997430918737721
MLP,3,1,98.79518072289156,96.82539682539682,98.38709677419355,97.6,0.9987062273589787,0.9961960169232749
GCN,3,1,83.93574297188755,61.702127659574465,93.54838709677419,74.35897435897436,0.9684319475590824,0.9349961865723647
GraphSAGE,3,1,98.39357429718876,95.3125,98.38709677419355,96.82539682539682,0.999568742452993,0.9987435503564536
GAT-LR,3,1,95.98393574297188,88.23529411764706,96.7741935483871,92.3076923076923,0.9848197343453511,0.9233992084053395
Majority,3,2,75.1004016064257,0.0,0.0,0.0,0.5,0.24899598393574296
Centrality:DEGREE,3,2,82.73092369477911,100.0,30.64516129032258,46.913580246913575,0.9950405382094186,0.9872869937443852
Centrality:BETWEENNESS,3,2,75.90361445783132,75.0,4.838709677419355,9.090909090909092,0.921166120407107,0.7869152430546567
Centrality:CLOSENESS,3,2,40.16064257028113,29.383886255924168,100.0,45.42124542124542,0.9867603933068829,0.9655944020601626
Centrality:EIGENVECTOR,3,2,80.32128514056225,100.0,20.967741935483872,34.66666666666667,0.9978437122649647,0.9942974541022079
Centrality:CLUSTERING,3,2,67.46987951807229,12.0,4.838709677419355,6.896551724137931,0.5257029498016215,0.23795123381519653
RWR,3,2,84.73895582329317,100.0,38.70967741935484,55.81395348837209,0.9819734345351043,0.9578212234357246
LogReg,3,2,97.99196787148594,93.84615384615384,98.38709677419355,96.06299212598425,0.9996549939623943,0.9990224828934506
RandomForest,3,2,96.78714859437751,92.1875,95.16129032258065,93.65079365079364,0.9975849577367604,0.9934394112073612
GradBoost,3,2,98.39357429718876,98.33333333333333,95.16129032258065,96.72131147540983,0.9986199758495773,0.9962003508318149
MLP,3,2,98.39357429718876,100.0,93.54838709677419,96.66666666666667,0.9987924788683802,0.9965585608850912
GCN,3,2,90.76305220883533,72.94117647058823,100.0,84.35374149659864,0.98231844057271,0.9503361066888368
GraphSAGE,3,2,99.19678714859438,98.38709677419355,98.38709677419355,98.38709677419355,0.9997412454717958,0.9992194275684834
GAT-LR,3,2,97.99196787148594,96.72131147540983,95.16129032258065,95.9349593495935,0.9918061066068655,0.9863040913322576
Majority,3,3,75.1004016064257,0.0,0.0,0.0,0.5,0.24899598393574296
Centrality:DEGREE,3,3,77.51004016064257,100.0,9.67741935483871,17.647058823529413,0.9951699154735208,0.9840563048069311
Centrality:BETWEENNESS,3,3,75.50200803212851,100.0,1.6129032258064515,3.1746031746031744,0.927376229084009,0.8144015016383809
Centrality:CLOSENESS,3,3,85.54216867469879,63.26530612244898,100.0,77.5,0.9827496981197171,0.9517669118044787
Centrality:EIGENVECTOR,3,3,79.11646586345381,100.0,16.129032258064516,27.77777777777778,0.9937898913230981,0.9793493985728792
Centrality:CLUSTERING,3,3,66.26506024096386,7.6923076923076925,3.225806451612903,4.545454545454546,0.5942297740210454,0.26698005160278304
RWR,3,3,76.70682730923694,100.0,6.451612903225806,12.121212121212121,0.9820596860445058,0.9552084978008416
LogReg,3,3,97.99196787148594,92.53731343283582,100.0,96.12403100775194,0.9987062273589788,0.9958170742635939
RandomForest,3,3,98.39357429718876,95.3125,98.38709677419355,96.82539682539682,0.9994824909435913,0.9985104501233534
GradBoost,3,3,98.39357429718876,96.7741935483871,96.7741935483871,96.7741935483871,0.9981024667931689,0.9941145743881654
MLP,3,3,98.79518072289156,95.38461538461539,100.0,97.63779527559055,0.9993099879247888,0.9979107496846089
GCN,3,3,81.52610441767068,57.99999999999999,93.54838709677419,71.60493827160494,0.9627393479385888,0.9324438366727903
GraphSAGE,3,3,98.79518072289156,95.38461538461539,100.0,97.63779527559055,0.9988787303777816,0.9964435034953363
GAT-LR,3,3,97.59036144578313,93.75,96.7741935483871,95.23809523809523,0.9938761428324996,0.9869020545251773
Majority,3,4,74.69879518072288,0.0,0.0,0.0,0.5,0.25301204819277107
Centrality:DEGREE,3,4,76.30522088353415,100.0,6.349206349206349,11.940298507462686,0.9965437788018433,0.9890810746167991
Centrality:BETWEENNESS,3,4,75.1004016064257,100.0,1.5873015873015872,3.125,0.9039085168117427,0.7737061837260589
Centrality:CLOSENESS,3,4,63.45381526104418,40.909090909090914,100.0,58.06451612903226,0.9883512544802867,0.9685422165218638
Centrality:EIGENVECTOR,3,4,76.70682730923694,100.0,7.936507936507936,14.705882352941178,0.9897593445980543,0.9723938384566113
Centrality:CLUSTERING,3,4,67.46987951807229,15.384615384615385,6.349206349206349,8.98876404494382,0.4808414405188599,0.2315435611846529
RWR,3,4,76.30522088353415,100.0,6.349206349206349,11.940298507462686,0.9781532684758492,0.9426322558479978
LogReg,3,4,97.99196787148594,92.64705882352942,100.0,96.18320610687023,0.9988905956647892,0.9968342759101666
RandomForest,3,4,97.99196787148594,93.93939393939394,98.4126984126984,96.12403100775194,0.9987199180747568,0.9963820317710261
GradBoost,3,4,97.59036144578313,96.72131147540983,93.65079365079364,95.16129032258065,0.9988905956647892,0.9968711989816644
MLP,3,4,97.99196787148594,95.3125,96.82539682539682,96.06299212598425,0.9988052568697731,0.996600360229562
GCN,3,4,87.14859437751004,66.66666666666666,98.4126984126984,79.48717948717949,0.9786653012459464,0.9430319283915458
GraphSAGE,3,4,98.79518072289156,95.45454545454545,100.0,97.67441860465115,0.9996586448199352,0.999003630493646
GAT-LR,3,4,95.18072289156626,84.0,100.0,91.30434782608695,0.9889912954429084,0.9547591109026996
Majority,4,0,75.1004016064257,0.0,0.0,0.0,0.5,0.24899598393574296
Centrality:DEGREE,4,0,77.91164658634538,100.0,11.29032258064516,20.28985507246377,0.9958168017940314,0.987426231093214
Centrality:BETWEENNESS,4,0,76.30522088353415,100.0,4.838709677419355,9.230769230769232,0.9152147662584096,0.7991775994339836
Centrality:CLOSENESS,4,0,57.028112449799195,36.68639053254438,100.0,53.67965367965368,0.9774021045368294,0.9427238373426435
Centrality:EIGENVECTOR,4,0,78.3132530120482,100.0,12.903225806451612,22.857142857142858,0.9893048128342247,0.9667334469986864
Centrality:CLUSTERING,4,0,67.06827309236948,8.333333333333332,3.225806451612903,4.651162790697675,0.5153958944281525,0.2350864984904337
RWR,4,0,78.3132530120482,100.0,12.903225806451612,22.857142857142858,0.9792996377436605,0.943175499083483
LogReg,4,0,95.58232931726907,85.91549295774648,98.38709677419355,91.72932330827066,0.9967224426427462,0.9905886159147916
RandomForest,4,0,96.3855421686747,89.55223880597015,96.7741935483871,93.02325581395348,0.9978868380196654,0.9941900531599661
GradBoost,4,0,96.78714859437751,92.1875,95.16129032258065,93.65079365079364,0.9969811971709506,0.9914473917420072
MLP,4,0,97.18875502008032,92.3076923076923,96.7741935483871,94.48818897637796,0.9974987062273589,0.9929168981657406
GCN,4,0,83.93574297188755,60.78431372549019,100.0,75.60975609756098,0.9824046920821115,0.9530389606478791
GraphSAGE,4,0,97.18875502008032,91.04477611940298,98.38709677419355,94.57364341085271,0.9993099879247886,0.9981035756835422
GAT-LR,4,0,96.3855421686747,89.55223880597015,96.7741935483871,93.02325581395348,0.9932723822666897,0.9769811963153641
Majority,4,1,75.1004016064257,0.0,0.0,0.0,0.5,0.24899598393574296
Centrality:DEGREE,4,1,80.72289156626506,100.0,22.58064516129032,36.84210526315789,0.9968949456615491,0.9890654356292504
Centrality:BETWEENNESS,4,1,75.50200803212851,66.66666666666666,3.225806451612903,6.153846153846154,0.888476798343971,0.7090038738567267
Centrality:CLOSENESS,4,1,55.42168674698795,35.83815028901734,100.0,52.76595744680851,0.9792565119889598,0.941917970055164
Centrality:EIGENVECTOR,4,1,83.53413654618474,100.0,33.87096774193548,50.602409638554214,0.9962049335863377,0.9892565709148924
Centrality:CLUSTERING,4,1,65.06024096385542,12.121212121212121,6.451612903225806,8.421052631578947,0.5844402277039848,0.2635027926167556
RWR,4,1,81.52610441767068,100.0,25.806451612903224,41.02564102564102,0.976280834914611,0.9393369482226339
LogReg,4,1,99.59839357429718,98.4126984126984,100.0,99.2,0.9999137484905986,0.9997439836149513
RandomForest,4,1,99.59839357429718,100.0,98.38709677419355,99.1869918699187,1.0,1.0
GradBoost,4,1,98.79518072289156,100.0,95.16129032258065,97.52066115702479,0.9998274969811971,0.9994959677419355
MLP,4,1,98.79518072289156,100.0,95.16129032258065,97.52066115702479,0.9996549939623943,0.9990224828934506
GCN,4,1,71.8875502008032,46.96969696969697,100.0,63.91752577319587,0.9725720200103501,0.9376204134139436
GraphSAGE,4,1,99.59839357429718,100.0,98.38709677419355,99.1869918699187,1.0,1.0
GAT-LR,4,1,98.39357429718876,95.3125,98.38709677419355,96.82539682539682,0.9982749698119717,0.995092255573699
Majority,4,2,75.1004016064257,0.0,0.0,0.0,0.5,0.24899598393574296
Centrality:DEGREE,4,2,78.714859437751,100.0,14.516129032258066,25.352112676056336,0.9963343108504399,0.9895060665164607
Centrality:BETWEENNESS,4,2,75.90361445783132,100.0,3.225806451612903,6.25,0.9259099534241849,0.8334549499801287
Centrality:CLOSENESS,4,2,49.79919678714859,33.155080213903744,100.0,49.79919678714859,0.9800759013282732,0.9530792241746684
Centrality:EIGENVECTOR,4,2,78.3132530120482,100.0,12.903225806451612,22.857142857142858,0.9919786096256685,0.9762753695167726
Centrality:CLUSTERING,4,2,66.66666666666666,8.0,3.225806451612903,4.597701149425287,0.5432120062101087,0.24253739814309833
RWR,4,2,78.3132530120482,100.0,12.903225806451612,22.857142857142858,0.9822321890633086,0.9560581665753736
LogReg,4,2,97.59036144578313,91.17647058823529,100.0,95.38461538461539,0.9994824909435915,0.9984995347394539
RandomForest,4,2,97.59036144578313,95.16129032258065,95.16129032258065,95.16129032258065,0.9977143350008626,0.9934316061813012
GradBoost,4,2,97.99196787148594,98.30508474576271,93.54838709677419,95.86776859504133,0.9981024667931688,0.9947161006196439
MLP,4,2,98.79518072289156,98.36065573770492,96.7741935483871,97.5609756097561,0.9995687424529929,0.9987025944911664
GCN,4,2,79.11646586345381,54.46428571428571,98.38709677419355,70.11494252873564,0.9404002070036226,0.8490133736747525
GraphSAGE,4,2,99.59839357429718,98.4126984126984,100.0,99.2,0.9991374849059859,0.9972362253470965
GAT-LR,4,2,98.79518072289156,95.38461538461539,100.0,97.63779527559055,0.9884422977402105,0.9226030091714861
Majority,4,3,75.1004016064257,0.0,0.0,0.0,0.5,0.24899598393574296
Centrality:DEGREE,4,3,76.70682730923694,100.0,6.451612903225806,12.121212121212121,0.9958168017940314,0.9858263367986195
Centrality:BETWEENNESS,4,3,75.50200803212851,100.0,1.6129032258064515,3.1746031746031744,0.9290150077626358,0.8299711162079021
Centrality:CLOSENESS,4,3,69.87951807228916,45.25547445255474,100.0,62.311557788944725,0.9899516991547352,0.9712694401450324
Centrality:EIGENVECTOR,4,3,78.3132530120482,100.0,12.903225806451612,22.857142857142858,0.9951699154735207,0.9852041402551657
Centrality:CLUSTERING,4,3,64.65863453815261,6.666666666666667,3.225806451612903,4.3478260869565215,0.4864153872692772,0.22288865889658854
RWR,4,3,76.30522088353415,100.0,4.838709677419355,9.230769230769232,0.9850784888735553,0.9581133487135973
LogReg,4,3,99.19678714859438,96.875,100.0,98.4126984126984,0.9998274969811971,0.9994959677419355
RandomForest,4,3,99.59839357429718,98.4126984126984,100.0,99.2,0.9999137484905986,0.9997439836149513
GradBoost,4,3,97.59036144578313,98.27586206896551,91.93548387096774,95.0,0.9992237364153873,0.9976277842063973
MLP,4,3,99.19678714859438,100.0,96.7741935483871,98.36065573770492,0.9998274969811971,0.9994838379333697
GCN,4,3,90.76305220883533,73.49397590361446,98.38709677419355,84.13793103448276,0.9925823701914783,0.9827956028924005
GraphSAGE,4,3,99.59839357429718,98.4126984126984,100.0,99.2,1.0,1.0
GAT-LR,4,3,99.19678714859438,96.875,100.0,98.4126984126984,0.9981887183025703,0.9937655807420707
Majority,4,4,74.69879518072288,0.0,0.0,0.0,0.5,0.25301204819277107
Centrality:DEGREE,4,4,75.90361445783132,100.0,4.761904761904762,9.090909090909092,0.9972264891619731,0.9912327015330578
Centrality:BETWEENNESS,4,4,75.1004016064257,100.0,1.5873015873015872,3.125,0.8989588667008022,0.7782186046355786
Centrality:CLOSENESS,4,4,54.21686746987952,35.59322033898305,100.0,52.5,0.9748250554702168,0.937990169753157
Centrality:EIGENVECTOR,4,4,77.51004016064257,100.0,11.11111111111111,20.0,0.9933435739887353,0.9808858614785869
Centrality:CLUSTERING,4,4,67.46987951807229,15.384615384615385,6.349206349206349,8.98876404494382,0.5079791773340161,0.2404334351670979
RWR,4,4,75.50200803212851,100.0,3.1746031746031744,6.153846153846154,0.9775558969107356,0.9416390208159647
LogReg,4,4,97.59036144578313,91.30434782608695,100.0,95.45454545454545,0.9993172896398703,0.9980196246038411
RandomForest,4,4,97.59036144578313,92.53731343283582,98.4126984126984,95.38461538461539,0.9988479262672811,0.996724239723529
GradBoost,4,4,99.19678714859438,96.92307692307692,100.0,98.4375,0.9994879672299027,0.9984788668541281
MLP,4,4,97.99196787148594,93.93939393939394,98.4126984126984,96.12403100775194,0.9993172896398703,0.9981607457797933
GCN,4,4,78.714859437751,55.10204081632652,85.71428571428571,67.08074534161491,0.9230244068953746,0.8513083100207267
GraphSAGE,4,4,98.79518072289156,95.45454545454545,100.0,97.67441860465115,1.0,0.9999999999999999
GAT-LR,4,4,98.39357429718876,95.38461538461539,98.4126984126984,96.875,0.9973544973544974,0.9913984114097713
